-- phpMyAdmin SQL Dump
-- version 4.3.11
-- http://www.phpmyadmin.net
--
-- Servidor: 127.0.0.1
-- Tiempo de generación: 26-06-2016 a las 15:50:03
-- Versión del servidor: 5.6.24
-- Versión de PHP: 5.6.8

SET SQL_MODE = "NO_AUTO_VALUE_ON_ZERO";
SET time_zone = "+00:00";


/*!40101 SET @OLD_CHARACTER_SET_CLIENT=@@CHARACTER_SET_CLIENT */;
/*!40101 SET @OLD_CHARACTER_SET_RESULTS=@@CHARACTER_SET_RESULTS */;
/*!40101 SET @OLD_COLLATION_CONNECTION=@@COLLATION_CONNECTION */;
/*!40101 SET NAMES utf8 */;

--
-- Base de datos: `reverse_bid`
--
-- Volcado de datos para la tabla `usuarios`
--

INSERT INTO `usuarios` (`id`, `email`, `password`, `foto`, `tarjeta`, `calle`, `nombre`, `apellido`, `telefono`, `cvv`, `caduca`, `ciudad`, `poblacion`, `codigo_postal`, `salt`) VALUES
(1, 'davlabrador@gmail.com', 'f324cc7427c01b7f9ecfb78357bb3297465bd4af9ecc488145198ca3e56c7739', '/assets/images/users/1.jpg', '9876543210654321', 'Calle', 'David Labrador', 'Estebanez', '987654321', '123', '02/2019', 'Madrid', 'Collado', '28400', '24978');


--
-- Volcado de datos para la tabla `categoria`
--

INSERT INTO `categoria` (`id`, `nombre`) VALUES
(1, 'Electrónica'),
(2, 'Informática'),
(3, 'Videojuegos'),
(4, 'Ropa y calzado'),
(5, 'Deportes');

--
-- Volcado de datos para la tabla `productos`
--
-- Volcado de datos para la tabla `subcategoria`
--

INSERT INTO `subcategoria` (`id`, `categoria`, `nombre`) VALUES
(1, 1, 'Fotografía'),
(2, 1, 'Móviles'),
(3, 1, 'Televisiones'),
(5, 1, 'GPS'),
(7, 1, 'Accesorios'),
(10, 2, 'Portátiles'),
(11, 2, 'Tablets'),
(12, 2, 'Sobremesas'),
(13, 2, 'Monitores'),
(14, 2, 'Componentes'),
(15, 2, 'Accesorios'),
(16, 2, 'Impresoras'),
(19, 3, 'Consolas'),
(22, 3, 'Merchandising'),
(23, 3, 'Juegos'),
(24, 4, 'Ropa'),
(25, 4, 'Calzado'),
(26, 4, 'Bolsos'),
(27, 4, 'Relojes'),
(32, 4, 'Tendencias'),
(33, 5, 'Running'),
(35, 5, 'Ciclismo'),
(36, 5, 'Tenis'),
(38, 5, 'Golf'),
(40, 5, 'Invierno'),
(41, 3, 'Juegos PC'),
(42, 3, 'Infantiles');

--
INSERT INTO `productos` (`id`, `nombre`, `foto`, `subcategoria`, `marca`, `estado`, `fecha_alta`, `descripcion`) VALUES
(1, 'Canon EOS 700D', '/assets/images/products/Canon-EOS-700D.jpg', 1, 'Canon', NULL, NULL, 'Cámara réflex digital de 18 Mp (pantalla 3", estabilizador), color negro - kit con objetivo EF-S 18-55mm f/3.5 IS STM'),
(2, 'Nikon D5200', '/assets/images/products/Nikon-D5200.jpg', 1, 'Nikon', NULL, NULL, 'Cámara réflex digital de 24.1 Mp (pantalla 3", estabilizador óptico, grabación de vídeo), negro - kit con objetivo Nikkor AF-S DX 18-55 mm f:3.5 VR II'),
(3, 'Nikon D3300', '/assets/images/products/Nikon-D3300.jpg', 1, 'Nikon', NULL, NULL, 'Cámara réflex digital de 24.2 Mp (Pantalla 3", estabilizador óptico, vídeo Full HD), negro - kit cuerpo con objetivo Nikkor AF-S DX 18-55 mm f:3.5 VR II'),
(4, 'Nikon D3300', '/assets/images/products/Nikon-D3300.jpg', 1, 'Nikon', NULL, NULL, 'Cámara réflex digital de 24.2 Mp (pantalla LCD de 3", grabación de vídeo Full HD), color negro - sólo cuerpo'),
(5, 'Nikon D5300', '/assets/images/products/Nikon-D5300.jpg', 1, 'Nikon', NULL, NULL, 'Cámara réflex digital de 24.2 Mp (Pantalla 3.2", estabilizador óptico, vídeo Full HD), negro - kit cuerpo con objetivo Nikkor AF-S DX 18-55 mm f:3.5 VR II'),
(6, 'Canon EOS 6D', '/assets/images/products/Canon-EOS-6D.jpg', 1, 'Canon', NULL, NULL, 'Cámara réflex digital de 20.2 Mp (pantalla 3.2", vídeo Full HD, GPS), color negro - Solo cuerpo'),
(7, 'Canon EOS 1300D', '/assets/images/products/Canon-EOS-1300D.jpg', 1, 'Canon', NULL, NULL, 'Cámara réflex de 18 Mp (pantalla de 3", Full HD, 18-55 mm, f/1.5-5.6, NFC, WiFi), color negro - Kit con objetivo EF-S 18-55 mm f/3.5-5.6 IS II'),
(8, 'Nikon D750', '/assets/images/products/Nikon-D750.jpg', 1, 'Nikon', NULL, NULL, 'Cámara réflex digital de 24.3 Mp (pantalla 3.2", vídeo Full HD), color negro - Solo cuerpo'),
(9, 'Pentax K50+18-55+50-200WR', '/assets/images/products/Pentax-K50+18-55+50-200WR.jpg', 1, 'Pentax', NULL, NULL, 'Kit de cámara réflex digital con objetivo DAL 18-55mm + 50-200 mm WR, Negro'),
(10, 'Canon EOS 750D', '/assets/images/products/Canon-EOS-750D.jpg', 1, 'Canon', NULL, NULL, 'Cámara réflex digital de 24.2 Mp (pantalla 3", estabilizador óptico, vídeo Full HD), color negro - Kit con objetivo EF-S 18-55 mm IS STM'),
(11, 'Nikon D5200', '/assets/images/products/Nikon-D5200.jpg', 1, 'Nikon', NULL, NULL, 'Cámara digital (24.1 MP, SLR Body, CMOS, Nikon F, TTL, Autoenfoque continuo, Selective Auto Focus, Servo Auto Focus, Autoenfoque único) Negro'),
(12, 'Nikon D3200', '/assets/images/products/Nikon-D3200.jpg', 1, 'Nikon', NULL, NULL, 'Cámara réflex digital de 24 Mp (pantalla 2.9", estabilizador, vídeo Full HD), color negro - kit con objetivo AF-S DX 18-55mm f/5.6 VR II [importado]'),
(13, 'Nikon D7100', '/assets/images/products/Nikon-D7100.jpg', 1, 'Nikon', NULL, NULL, 'Cámara réflex digital de 24.1 Mp (pantalla 3.2", vídeo Full HD), color negro - sólo cuerpo (importado)'),
(14, 'Nikon D3300', '/assets/images/products/Nikon-D3300.jpg', 1, 'Nikon', NULL, NULL, 'Cámara réflex digital de 24.2 Mp (pantalla de 3", estabilizador de imagen, zoom óptico de 5.8x, grabación de vídeo Full HD), negro - kit con objetivo AF-S DX 18-105 mm VR'),
(15, 'Canon EOS 1200D', '/assets/images/products/Canon-EOS-1200D.jpg', 1, 'Canon', NULL, NULL, 'Cámara réflex digital de 18 Mp (pantalla 3", estabilizador óptico, kit con objetivo EF-S 18-55mm f/3.5 IS II), negro'),
(16, 'Nikon D610', '/assets/images/products/Nikon-D610.jpg', 1, 'Nikon', NULL, NULL, 'Cámara réflex digital de 24.3 Mp (pantalla de 3.2"), color negro - sólo cuerpo'),
(17, 'Sony SLT-A58K', '/assets/images/products/Sony-SLT-A58K.jpg', 1, 'Sony', NULL, NULL, 'Cámara de formato medio de 20 Mp (objetivo 18-55mm f/3.5, pantalla de 3", zoom óptico 3x, estabilizador óptica), negro'),
(18, 'Canon EOS 750D Body', '/assets/images/products/Canon-EOS-750D-Body.jpg', 1, 'Canon', NULL, NULL, 'Cámara réflex digital de 24.2 Mp (pantalla 3", estabilizador óptico, grabación de vídeo Full HD, DIGIC 6), color negro'),
(19, 'Huawei P8 Lite', '/assets/images/products/Huawei-P8-Lite.jpg', 2, 'Huawei', NULL, NULL, 'Smartphone libre Android (pantalla 5", cámara 13 Mp, 16 GB, DUAL SIM, HiSilicon Kirin 620 Octa...'),
(20, 'Huawei P8 Lite', '/assets/images/products/Huawei-P8-Lite.jpg', 2, 'Huawei', NULL, NULL, 'Smartphone libre Android (pantalla 5", cámara 13 Mp, 16 GB, HiSilicon Kirin 620 Octa Core 1.2...'),
(21, 'Moto G4 Plus', '/assets/images/products/Moto-G4-Plus.jpg', 2, 'Moto', NULL, NULL, 'Smartphone libre Android 6 (5.5'' Full HD, 4G, cámara de 16 MP, 2 GB de RAM, 16 GB, lector de huellas...'),
(22, 'LG G3', '/assets/images/products/LG-G3.jpg', 2, 'LG', NULL, NULL, 'Smartphone libre Android (pantalla 5.5", cámara 13 Mp, 16 GB, Quad-Core 2.5 GHz, 2 GB RAM), gris titanio'),
(23, 'Doogee X5', '/assets/images/products/Doogee-X5.jpg', 2, 'Doogee', NULL, NULL, 'Smartphone Libre 3G Android 5.1 (Quad Core, 5.0" IPS 1280*720 HD, 1GB RAM, 8GB ROM, 5.0MP Cámara,...'),
(24, 'Samsung Galaxy J5', '/assets/images/products/Samsung-Galaxy-J5.jpg', 2, 'Samsung', NULL, NULL, 'Smartphone libre Android (pantalla 5", cámara 13 Mp, 8 GB, Quad-Core 1.2 GHz, 1.5 GB RAM),...'),
(25, 'Motorola Moto E 4G', '/assets/images/products/Motorola-Moto-E-4G.jpg', 2, 'Motorola', NULL, NULL, 'Smartphone libre Android (pantalla 4.5", cámara 5 Mp, 8 GB, Quad-Core 1.2 GHz, 1 GB RAM),...'),
(26, 'Moto G4 Plus', '/assets/images/products/Moto-G4-Plus.jpg', 2, 'Moto', NULL, NULL, 'Smartphone libre Android 6 (5.5'' Full HD, 4G, cámara de 16 MP, 2 GB de RAM, 16 GB, lector de huellas...'),
(27, 'LG Nexus 5X', '/assets/images/products/LG-Nexus-5X.jpg', 2, 'LG', NULL, NULL, 'Smartphone libre de 5.2" (2 GB de RAM, 16 GB de memoria interna, Android) color blanco'),
(28, 'Moto G4', '/assets/images/products/Moto-G4.jpg', 2, 'Moto', NULL, NULL, 'Smartphone libre Android 6 (Pantalla de 5.5'' Full HD, 4G, cámara de 13 MP, 2 GB de RAM, 16 GB, Qualcomm...'),
(29, 'Samsung Galaxy J5', '/assets/images/products/Samsung-Galaxy-J5.jpg', 2, 'Samsung', NULL, NULL, 'Smartphone libre Android (pantalla 5", cámara 13 Mp, 8 GB, Quad-Core 1.2 GHz, 1.5 GB RAM),...'),
(30, 'Meizu M2 Note', '/assets/images/products/Meizu-M2-Note.jpg', 2, 'Meizu', NULL, NULL, 'Smartphone libre Flyme (pantalla de 5.5", cámara de 13 Mp, 16 GB, Octa-Core de 1.3 GHz, 2 GB RAM...'),
(31, 'BQ Aquaris X5', '/assets/images/products/BQ-Aquaris-X5.jpg', 2, 'BQ', NULL, NULL, 'Smartphone de 5 pulgadas (Wi-Fi, Bluetooth 4.0, Qualcomm Snapdragon 412 Quad Core 1,4 GHz, 16...'),
(32, 'Honor 6', '/assets/images/products/Honor-6.jpg', 2, 'Honor', NULL, NULL, 'Smartphone libre (pantalla de 5", 16GB, 3 GB de RAM, cámara trasera de 13 MP y delantera de 5 MP, Android...'),
(33, 'LG Nexus 5X', '/assets/images/products/LG-Nexus-5X.jpg', 2, 'LG', NULL, NULL, 'Smartphone libre de 5.2" (2 GB de RAM, 16 GB de memoria interna, Android) color negro'),
(34, 'LG G4', '/assets/images/products/LG-G4.jpg', 2, 'LG', NULL, NULL, 'Smartphone libre Android (pantalla 5.5", cámara 16 Mp, 32 GB, Hexa - Core  6 x 1.8GHz (64bits), 3 GB RAM...'),
(35, 'BQ Aquaris X5', '/assets/images/products/BQ-Aquaris-X5.jpg', 2, 'BQ', NULL, NULL, 'Smartphone de 5.0 pulgadas (WiFi, Bluetooth 4.0, GPS/Glonass, Qualcomm Snapdragon 412 Quad Core...'),
(36, 'BQ Aquaris A4.5', '/assets/images/products/BQ-Aquaris-A4.5.jpg', 2, 'BQ', NULL, NULL, 'Smartphone de 4.5 pulgadas (WiFi, Bluetooth, Quad Core A53 1 GHz, 16 GB de memoria interna,...'),
(37, 'HUAWEI Y625 Jade', '/assets/images/products/HUAWEI-Y625-Jade.jpg', 2, 'HUAWEI', NULL, NULL, 'Smartphone libre Android (pantalla 5", cámara 8 Mp, 4 GB, Quad-Core 1.2 GHz, 1 GB RAM, dual...'),
(38, 'Doogee X5', '/assets/images/products/Doogee-X5.jpg', 2, 'Doogee', NULL, NULL, 'Smartphone libre Android (pantalla 5", cámara 5 Mp, 8 GB, Quad-Core 1.3 GHz, 1 GB RAM), color negro'),
(39, 'LG 32LF5800', '/assets/images/products/LG-32LF5800.jpg', 3, 'LG', NULL, NULL, 'Televisor FHD de 32" con Smart TV (1080x1920, 400 Hz), negro'),
(40, 'LG 43LF590V', '/assets/images/products/LG-43LF590V.jpg', 3, 'LG', NULL, NULL, 'Televisor FHD de 43" con Smart TV (1080x1920, 400 Hz), plateado'),
(41, 'LG 43LF540V', '/assets/images/products/LG-43LF540V.jpg', 3, 'LG', NULL, NULL, 'Televisor FHD de 43" (1080x1920, 300 Hz, HDMI, USB), color negro'),
(42, 'LG 32LF650V', '/assets/images/products/LG-32LF650V.jpg', 3, 'LG', NULL, NULL, 'Televisor FHD de 32" con Smart TV (1080x1920, 900 Hz), negro'),
(43, 'LG 32LF510B', '/assets/images/products/LG-32LF510B.jpg', 3, 'LG', NULL, NULL, 'Televisor LED Plus de 32" (768x1366, 300 Hz), negro'),
(44, 'LG 22MT47D-PZ', '/assets/images/products/LG-22MT47D-PZ.jpg', 3, 'LG', NULL, NULL, 'Televisor FHD de 21.5" (1080x1920, 50 Hz), color negro'),
(45, 'LG 24MT47D', '/assets/images/products/LG-24MT47D.jpg', 3, 'LG', NULL, NULL, 'Televisor FWXGA de 24" (768x1366), color negro'),
(46, 'Philips 32PHH4100', '/assets/images/products/Philips-32PHH4100.jpg', 3, 'Philips', NULL, NULL, 'Tv Led 32'' 32Phh4100/88 Hd Ready, 2 Hdmi Y Usb Multimedia'),
(47, 'Samsung UE22H5600', '/assets/images/products/Samsung-UE22H5600.jpg', 3, 'Samsung', NULL, NULL, 'Tv Led 22'' Ue22H5600 Full Hd, 3 Hdmi, Wi-Fi Y Smart Tv'),
(48, 'LG 49LF590V', '/assets/images/products/LG-49LF590V.jpg', 3, 'LG', NULL, NULL, 'Televisor FHD de 49" con Smart TV (1080x1920, 400 Hz), plateado'),
(49, 'LG 32LF592U', '/assets/images/products/LG-32LF592U.jpg', 3, 'LG', NULL, NULL, 'Televisor HD de 32" con Smart TV (1366x768, 400 Hz), color negro'),
(50, 'Philips 22PFH4000', '/assets/images/products/Philips-22PFH4000.jpg', 3, 'Philips', NULL, NULL, 'Televisor LED de 22"'),
(51, 'Samsung', '/assets/images/products/Samsung.jpg', 3, 'Samsung', NULL, NULL, 'TV LED Curvo 40'' UE40J6300 Full HD, Wi-Fi y Smart TV'),
(52, 'Samsung LT28E310EW', '/assets/images/products/Samsung-LT28E310EW.jpg', 3, 'Samsung', NULL, NULL, 'Monitor TV LED 28"'),
(53, 'Nevir 7510', '/assets/images/products/Nevir-7510.jpg', 3, 'Nevir', NULL, NULL, 'Televisor  de 19", LED, HD, USB, DVR, HDMI, color negro'),
(54, 'Samsung LT32E310EW', '/assets/images/products/Samsung-LT32E310EW.jpg', 3, 'Samsung', NULL, NULL, 'Monitor TV LED 32"'),
(55, 'LG 42LF652V', '/assets/images/products/LG-42LF652V.jpg', 3, 'LG', NULL, NULL, 'Televisor FHD de 42" con Smart TV (1080x1920, 900 Hz), negro'),
(56, 'Philips 24PHH400', '/assets/images/products/Philips-24PHH400.jpg', 3, 'Philips', NULL, NULL, 'Televisor LED de 24"'),
(57, 'LG 42LF5800', '/assets/images/products/LG-42LF5800.jpg', 3, 'LG', NULL, NULL, 'Televisor FHD de 42" con Smart TV (1080x1920, 400 Hz), negro'),
(68, 'TomTom GO BT 510', '/assets/images/products/TomTom-GO-BT-510.jpg', 5, 'TomTom', NULL, NULL, 'Navegador GPS Bluetooth (pantalla táctil 5", multi touch, control por voz), negro y plata'),
(69, 'TomTom Start 50', '/assets/images/products/TomTom-Start-50.jpg', 5, 'TomTom', NULL, NULL, 'GPS para coche (5 pulgadas) Europa 45 Mapeo de Vida (1FD5.002.01)'),
(70, 'Becker Navegador', '/assets/images/products/Becker-Navegador.jpg', 5, 'Becker', NULL, NULL, 'GPS para coches de 6 ", plateado'),
(71, 'Garmin Nüvi 55 LM SE', '/assets/images/products/Garmin-Nüvi-55-LM-SE.jpg', 5, 'Garmin', NULL, NULL, 'Navegador GPS (15 países EU, pantalla 5", 480 x 272 Pixeles, TFT, SSD, Micro SD)'),
(72, 'TomTom Start 25 EU23 LTM', '/assets/images/products/TomTom-Start-25-EU23-LTM.jpg', 5, 'TomTom', NULL, NULL, 'GPS para coches de 5 , negro'),
(73, 'TomTom START 40 EU45 LTM', '/assets/images/products/TomTom-START-40-EU45-LTM.jpg', 5, 'TomTom', NULL, NULL, 'Navegador GPS'),
(74, 'Garmin Nüvi 2589LM', '/assets/images/products/Garmin-Nüvi-2589LM.jpg', 5, 'Garmin', NULL, NULL, 'GPS para coches 5", mapa Europa'),
(75, 'TomTom Start 50', '/assets/images/products/TomTom-Start-50.jpg', 5, 'TomTom', NULL, NULL, 'Navegador GPS de 5", (480 x 272, mapas de Europa, USB), negro (importado)'),
(76, 'TomTom 1FD6.002.01', '/assets/images/products/TomTom-1FD6.002.01.jpg', 5, 'TomTom', NULL, NULL, 'GPS de 6" para coche (mapas de Europa)'),
(77, 'Becker active.5 LMU', '/assets/images/products/Becker-active.5-LMU.jpg', 5, 'Becker', NULL, NULL, 'GPS para coches de 5 " (mapas de Europa general), negro'),
(78, 'Garmin Nüvi 2597LMT', '/assets/images/products/Garmin-Nüvi-2597LMT.jpg', 5, 'Garmin', NULL, NULL, 'GPS para coches de 5" (mapas de Europa general), negro'),
(79, 'TomTom GO 6100', '/assets/images/products/TomTom-GO-6100.jpg', 5, 'TomTom', NULL, NULL, 'Navegador GPS (Flash, Batería, USB, MicroSD (TransFlash), Toda Europa) (importado)'),
(98, 'Samsung Evo MB-MP32DA/EU', '/assets/images/products/Samsung-Evo-MB-MP32DA-EU.jpg', 7, 'Samsung', NULL, NULL, 'Tarjeta de memoria micro SDHC de 32 GB (UHS -I Grade 1, Clase 10, con adaptador SD)'),
(99, 'Kingston SDC10G2/32GB', '/assets/images/products/Kingston-SDC10G2-32GB.jpg', 7, 'Kingston', NULL, NULL, 'Tarjeta microSD de 32GB (clase 10 UHS-I 45MB/s) con adaptador SD'),
(100, 'Kingston 32GB Multi Kit', '/assets/images/products/Kingston-32GB-Multi-Kit.jpg', 7, 'Kingston', NULL, NULL, 'Tarjeta microSD de 32 GB (kit con adaptadores sd y usb), negro'),
(101, 'Samsung Evo MB-MP64DA/EU', '/assets/images/products/Samsung-Evo-MB-MP64DA-EU.jpg', 7, 'Samsung', NULL, NULL, 'Tarjeta de memoria micro SDXC de 64 GB (UHS -I Grade 1, Clase 10, con adaptador SD)'),
(102, 'Samsung Evo MB-MP16DA/EU', '/assets/images/products/Samsung-Evo-MB-MP16DA-EU.jpg', 7, 'Samsung', NULL, NULL, 'Tarjeta de memoria Micro SDHC de 16 GB (UHS-I Grade 1 Clase 10, con adaptador SD)'),
(103, 'SanDisk Ultra', '/assets/images/products/SanDisk-Ultra.jpg', 7, 'SanDisk', NULL, NULL, 'Tarjeta de memoria microSDHC de 32 GB para Android (con adaptador SD, hasta 80 MB/s, Clase 10)'),
(104, '- Ringke FUSION', '/assets/images/products/--Ringke-FUSION.jpg', 7, '-', NULL, NULL, 'Funda para iPhone 6 / 6s, color transparente'),
(105, 'AmazonBasics', '/assets/images/products/AmazonBasics.jpg', 7, 'AmazonBasics', NULL, NULL, 'Cable de conexión (certificación Apple, conector Lightning a USB, 0,9 m), color blanco'),
(106, 'JETech®', '/assets/images/products/JETech.jpg', 7, 'JETech®', NULL, NULL, 'Protector de pantalla de vidrio templado para móvil Apple iPhone 6 y iPhone 6s 4,7'),
(107, 'Bytelectro', '/assets/images/products/Bytelectro.jpg', 7, 'Bytelectro', NULL, NULL, 'Protector Pantalla CRISTAL TEMPLADO Premium Huawei ASCEND P8 LITE'),
(108, 'Apple MacBook Pro', '/assets/images/products/Apple-MacBook-Pro.jpg', 10, 'Apple', NULL, NULL, 'Ordenador portátil de 13" (Intel core_i5, 4096 MB de RAM, 500 GB de disco duro, Intel, Mac OS X 10.7 Lion), Plateado - Teclado QWERTY Español'),
(109, 'Apple MacBook Air', '/assets/images/products/Apple-MacBook-Air.jpg', 10, 'Apple', NULL, NULL, 'Portátil de 13" (Intel Core i5 de 1.6 GHz, 4 GB de RAM, 128 GB, Intel HD Graphics 6000), plateado -Teclado QWERTY Español'),
(110, 'Apple MacBook Pro', '/assets/images/products/Apple-MacBook-Pro.jpg', 10, 'Apple', NULL, NULL, 'Portátil de 13" (pantalla Retina, Intel Core i5 de 2.7 GHz, 8 GB de RAM, 128 GB, Iris Graphics 6100), teclado español QWERTY'),
(111, 'Apple MacBook Air', '/assets/images/products/Apple-MacBook-Air.jpg', 10, 'Apple', NULL, NULL, 'Portátil de 13" (Intel Core i5 de 1.6 GHz, 8 GB de RAM, 128 GB SSD, Intel HD Graphics 6000) - Teclado QWERTY Español'),
(112, 'Apple MacBook Pro', '/assets/images/products/Apple-MacBook-Pro.jpg', 10, 'Apple', NULL, NULL, 'Portátil de 15" Retina (Intel Core i7 de 2.2 GHz, 16 GB de RAM, 256 GB SSD, Iris Pro), teclado QWERTY Español'),
(113, 'Apple MacBook Pro', '/assets/images/products/Apple-MacBook-Pro.jpg', 10, 'Apple', NULL, NULL, 'Portátil de 15.4" (Intel Core i7, 16 GB de RAM, Disco SSD 512 GB, NVIDIA GeForce GT 750M con 2 GB, Mac OS X Mavericks), plateado -Teclado QWERTY Español'),
(114, 'Apple MK4N2Y/A', '/assets/images/products/Apple-MK4N2Y-A.jpg', 10, 'Apple', NULL, NULL, 'PORTATIL MACBOOK 12" MK4N2Y/A GOLD'),
(115, 'Apple MacBook Air', '/assets/images/products/Apple-MacBook-Air.jpg', 10, 'Apple', NULL, NULL, 'Portátil de 11.6'' (Intel Core i7 1.7 GHz, disco duro de 512 GB SSD, 8 GB de RAM, tarjeta gráfica Intel HD Graphics 5000, OS X Yosemite) color aluminio - teclado QWERTY Español'),
(116, 'Apple MacBook Air 13"', '/assets/images/products/Apple-MacBook-Air-13.jpg', 10, 'Apple', NULL, NULL, 'Ordenador portátil (10 - 35 °C, -25 - 45 °C, 0 - 90%, 0 - 3000 m, 0 - 4500 m, Trackpad)'),
(117, 'Apple MacBook Pro', '/assets/images/products/Apple-MacBook-Pro.jpg', 10, 'Apple', NULL, NULL, 'Portátil de 15.4 pulgadas (Intel Core i7, 16 GB de RAM, Disco SSD 256 GB, Intel Iris Pro Graphics, Mac OS X Yosemite, Touch Trackpad Force ), plateado -Teclado QWERTY Español'),
(118, 'Apple MacBook Air 11"', '/assets/images/products/Apple-MacBook-Air-11.jpg', 10, 'Apple', NULL, NULL, 'Ordenador portátil (10 - 35 °C, -25 - 45 °C, 0 - 90%, 0 - 3000 m, 0 - 4500 m, Trackpad)'),
(119, 'Apple Macbook', '/assets/images/products/Apple-Macbook.jpg', 10, 'Apple', NULL, NULL, 'Portátil de 12" Retina (Intel Core M3 1.1GHz, 8 GB RAM, 256 GB SSD, Intel HD Graphics 515) Silver - Teclado QWERTY Español'),
(120, 'Apple MacBook Pro 13"', '/assets/images/products/Apple-MacBook-Pro-13.jpg', 10, 'Apple', NULL, NULL, 'Ordenador portátil (Portátil, Aluminio, Concha, 2,5 GHz, Intel Core i5, 3,1 GHz)'),
(121, 'Apple MK4M2Y/A', '/assets/images/products/Apple-MK4M2Y-A.jpg', 10, 'Apple', NULL, NULL, 'PORTATIL MACBOOK 12" MK4M2Y/A GOLD'),
(122, 'Apple MacBook Air 13"', '/assets/images/products/Apple-MacBook-Air-13.jpg', 10, 'Apple', NULL, NULL, 'Portátil de 13.3" (Intel Core i5, 4 GB de RAM, Disco SSD 256 GB, Intel HD Graphics 5000, Mac OS X Mavericks), plateado -Teclado QWERTY Español'),
(123, 'Apple MJVG2Y/A_Z0RJ', '/assets/images/products/Apple-MJVG2Y-A_Z0RJ.jpg', 10, 'Apple', NULL, NULL, 'Ordenador portátil de 13" (procesador I5, tarjeta grafica Iris HD 6000, 4 GB de RAM, 256 GB de disco duro)'),
(124, 'Apple MacBook Pro', '/assets/images/products/Apple-MacBook-Pro.jpg', 10, 'Apple', NULL, NULL, 'Portátil de 13.3" (Intel Core i5, 8 GB de RAM, Disco SSD 256 GB, Intel Iris Graphics, Mac OS X Mavericks), plateado -Teclado QWERTY Español'),
(125, 'Apple MacBook Air', '/assets/images/products/Apple-MacBook-Air.jpg', 10, 'Apple', NULL, NULL, 'Portátil de 11.6" (Intel Core i5 de 1.6 GHz, 4 GB de RAM, 64 GB SSD TECLADO AMERICANO'),
(126, 'Apple MacBook Air 13"', '/assets/images/products/Apple-MacBook-Air-13.jpg', 10, 'Apple', NULL, NULL, 'Ordenador portátil (10 - 35 °C, -25 - 45 °C, 0 - 90%, 0 - 3000 m, 0 - 4500 m, Trackpad)'),
(127, 'BQ Aquaris M10', '/assets/images/products/BQ-Aquaris-M10.jpg', 11, 'BQ', NULL, NULL, 'Tablet de 10.1 pulgadas HD (WiFi, MediaTek Quad Core MT8163B hasta 1.3 GHz, 2 GB de RAM, 16 GB...'),
(128, 'NVIDIA SHIELD K1', '/assets/images/products/NVIDIA-SHIELD-K1.jpg', 11, 'NVIDIA', NULL, NULL, 'Tablet de 8" (WiFi, 2.2 GHz ARM Cortex A15, 2 GB de RAM, 16 GB de almacenamiento, Android 4.4)'),
(129, 'iRULU eXpro X1s', '/assets/images/products/iRULU-eXpro-X1s.jpg', 11, 'iRULU', NULL, NULL, 'Tablet 10.1 pulgadas, Google Andorid 5.1 Lollipop, procesador de cuatro núcleos, 8GB Nand Flash...'),
(130, 'iRULU eXpro X1s', '/assets/images/products/iRULU-eXpro-X1s.jpg', 11, 'iRULU', NULL, NULL, 'Tablet 10.1 pulgadas, Google Andorid 5.1 Lollipop, procesador de cuatro núcleos, 16GB Nand Flash...'),
(131, 'iRULU', '/assets/images/products/iRULU.jpg', 11, 'iRULU', NULL, NULL, 'Tablet para niños de 7 pulgadas, 1GB RAM, 8GB Nand Flash Quad Core, Resolución HD de 1024x600, Android...'),
(132, 'Samsung  SM-T560PW35', '/assets/images/products/Samsung--SM-T560PW35.jpg', 11, 'Samsung', NULL, NULL, 'Samsung Galaxy Tab E T560 - Tablet de 9.6" (WiFi + Bluetooth, 8 GB, 1.5 GB RAM, Android...'),
(133, 'ASUS ZenPad Z170C-1A022A', '/assets/images/products/ASUS-ZenPad-Z170C-1A022A.jpg', 11, 'ASUS', NULL, NULL, 'Tablet de 7" (WiFi + Bluetooth, 16 GB, 1 GB RAM, Android 5.0), negro'),
(134, 'ASUS ZenPad Z300C-1A095A', '/assets/images/products/ASUS-ZenPad-Z300C-1A095A.jpg', 11, 'ASUS', NULL, NULL, 'Tablet de 10" (WiFi + Bluetooth, 32 GB, 2 GB RAM, Android 5.0), negro'),
(135, 'iRULU X1S', '/assets/images/products/iRULU-X1S.jpg', 11, 'iRULU', NULL, NULL, 'Tablet de 7 pulgadas, 1,3GHZ Quad-Core, 16 GB, Resolución HD de 1024x600, Google Android 4.4 , Certificado...'),
(136, 'WeVool NEMESIS', '/assets/images/products/WeVool-NEMESIS.jpg', 11, 'WeVool', NULL, NULL, 'Tablet 10.1", Android 5, Quad Core, HDMI, GPS, USB, 1GB/8GB'),
(137, 'iRULU Walknbook', '/assets/images/products/iRULU-Walknbook.jpg', 11, 'iRULU', NULL, NULL, 'Portátil-tablet 2 en 1, Híbrido de 10.1 pulgadas, 32 GB, Microsoft Windows 10, 2 GB de RAM,...'),
(138, 'Lenovo ZA0C0010SE', '/assets/images/products/Lenovo-ZA0C0010SE.jpg', 11, 'Lenovo', NULL, NULL, 'Tablet de 10.1" (WiFi, 16 GB, 1 GB RAM, Android 5.1) blanco'),
(139, 'Chuwi Hi10', '/assets/images/products/Chuwi-Hi10.jpg', 11, 'Chuwi', NULL, NULL, '10.1" Tablet PC Windows 10 HDMI (Pantalla IPS, Ram 4GB Rom 64GB, Quad-Core, 1920x1200P, Intel Cherry...'),
(140, 'BQ Edison 3', '/assets/images/products/BQ-Edison-3.jpg', 11, 'BQ', NULL, NULL, 'Tablet de 10.1 pulgadas (WiFi, Bluetooth 4.0, 16 GB, 2 GB de RAM, Android KitKat 4.4), blanco'),
(141, 'Chuwi Vi8 Plus', '/assets/images/products/Chuwi-Vi8-Plus.jpg', 11, 'Chuwi', NULL, NULL, '8" Tablet PC Windows 10 HDMI (Pantalla IPS, Ram 2GB Rom 32GB, Quad-Core, 1280x800P, Intel Cherry...'),
(142, 'Samsung Galaxy Tab 4', '/assets/images/products/Samsung-Galaxy-Tab-4.jpg', 11, 'Samsung', NULL, NULL, 'Tablet de 7" (WiFi + Bluetooth, 8 GB, 1.5 GB RAM, Android 4.4 Kit Kat), blanco [importado]'),
(143, 'Samsung Galaxy Tab S2', '/assets/images/products/Samsung-Galaxy-Tab-S2.jpg', 11, 'Samsung', NULL, NULL, 'Tablet de 9.7" (WiFi, 32 GB, 3 GB RAM, Android Lollipop), blanco [Importado de Alemania]'),
(144, 'Acer Aspire AZC-700', '/assets/images/products/Acer-Aspire-AZC-700.jpg', 12, 'Acer', NULL, NULL, 'Ordenador de Sobremesa All In One de 19.5'' Full HD (Intel Pentium Quad Core N3700, 4 GB...'),
(145, 'MSI AP16 FLEX-011XEU', '/assets/images/products/MSI-AP16-FLEX-011XEU.jpg', 12, 'MSI', NULL, NULL, 'Ordenador AIO de 15.6" (Intel Celeron J1900, 2 GB de RAM, 32 GB EMMC, Intel HD Graphics...'),
(146, 'Viewsonic VSD221', '/assets/images/products/Viewsonic-VSD221.jpg', 12, 'Viewsonic', NULL, NULL, 'Ordenador de sobremesa All-in-One de 22" (táctil, 1920 x 1080, webcam), color negro'),
(147, 'LG 22V240-L.AR3WB', '/assets/images/products/LG-22V240-L.AR3WB.jpg', 12, 'LG', NULL, NULL, 'Ordenador de sobremesa All-In-One (Quad Core, 21.5", 4 GB de Ram, 500 GB de disco duro, WiFi...'),
(148, 'Asus', '/assets/images/products/Asus.jpg', 12, 'Asus', NULL, NULL, 'Ordenador All-in-One de 19.5" (Procesador Intel Pentium N3700, 4 GB RAM, 500 GB HDD, Gráficos NVIDIA GT930M...'),
(149, 'Lenovo A740', '/assets/images/products/Lenovo-A740.jpg', 12, 'Lenovo', NULL, NULL, 'Ordenador Todo-en-uno (Intel Core i7-4558U, 8 GB de RAM, 1 TB, NIVIDIA GeForce GTX-850A, Windows...'),
(150, '24V360-L', '/assets/images/products/24V360-L.jpg', 12, '24V360-L', NULL, NULL, 'Ordenador all in one de 23.8", Windows 10'),
(151, 'Acer DQ.SZYEB.008', '/assets/images/products/Acer-DQ.SZYEB.008.jpg', 12, 'Acer', NULL, NULL, 'Ordenador de sobremesa (Intel Core i3, 8 GB de RAM, 1000 GB de disco duro, Windows 10)'),
(152, 'Acer DQ.B33EB.001', '/assets/images/products/Acer-DQ.B33EB.001.jpg', 12, 'Acer', NULL, NULL, 'Ordenador de sobremesa (Intel Celeron, 4 GB de RAM, 500 GB de disco duro, Windows 10)'),
(153, 'Dell 3030-8178', '/assets/images/products/Dell-3030-8178.jpg', 12, 'Dell', NULL, NULL, 'Ordenador de sobremesa (procesador Intel I5, 4 GB de RAM, 500 GB, Windows 8.1 actualizable gratuitamente...'),
(154, 'HP Envy Beats 23-N203NS', '/assets/images/products/HP-Envy-Beats-23-N203NS.jpg', 12, 'HP', NULL, NULL, 'Ordenador de sobremesa todo en uno de 23" (Intel Core i3-4160T, 4 GB RAM, 1 TB, Intel...'),
(155, 'Shuttle X50V4 Black', '/assets/images/products/Shuttle-X50V4-Black.jpg', 12, 'Shuttle', NULL, NULL, 'Barebón (Todo-en-Uno, Intel, 2957U, HD Graphics, Adaptador externo de CA, SD, SDHC, SDXC)'),
(156, 'Hiditec Smart Pro', '/assets/images/products/Hiditec-Smart-Pro.jpg', 12, 'Hiditec', NULL, NULL, 'Barebón (HDD, 8, 89 cm (3.5"), Serial ATA III, Todo-en-Uno, Activo, Negro, Color blanco)'),
(157, 'MSI ADORA20 2BT-017EU', '/assets/images/products/MSI-ADORA20-2BT-017EU.jpg', 12, 'MSI', NULL, NULL, 'Ordenador de sobremesa (Intel J1900, 4 GB de RAM, 500 GB, Windows 8.1 actualizable gratuitamente...'),
(158, 'LG 22V240-L', '/assets/images/products/LG-22V240-L.jpg', 12, 'LG', NULL, NULL, 'Ordenador All in One de 21.5" (Quad Core N2930, 4 GB de RAM, 500 GB de disco duro, WiFi, Bluetooth...'),
(159, 'HP 20-2300ns', '/assets/images/products/HP-20-2300ns.jpg', 12, 'HP', NULL, NULL, 'Ordenador "Todo en Uno" de 19.45" (AMD E1 6010, 2 GB de RAM, Disco HDD de 500 GB, AMD Radeon R2...'),
(160, 'MSI AP200-200XEU', '/assets/images/products/MSI-AP200-200XEU.jpg', 12, 'MSI', NULL, NULL, 'Ordenador Todo-en-uno, color negro'),
(161, 'BenQ GW2270H', '/assets/images/products/BenQ-GW2270H.jpg', 13, 'BenQ', NULL, NULL, 'Monitor LED de 21.5", AMVA+ FHD, Dual HDMI, color negro'),
(162, 'LG 22M47VQ-P', '/assets/images/products/LG-22M47VQ-P.jpg', 13, 'LG', NULL, NULL, 'Monitor LED de 22" (formato 16:9, resolución 1920x1080, división de pantalla en 4)'),
(163, 'Dell U2515H', '/assets/images/products/Dell-U2515H.jpg', 13, 'Dell', NULL, NULL, 'Monitor LED de 25 Pulgadas (350 cd/m2, 2560 x 1440 a 60 Hz, IPS, 8 ms, HDMI/DP/Mini DP/USB)'),
(164, 'DELL UltraSharp U2414H', '/assets/images/products/DELL-UltraSharp-U2414H.jpg', 13, 'DELL', NULL, NULL, 'Monitor LED de 23.8'', negro'),
(165, 'Samsung LS22D300HY', '/assets/images/products/Samsung-LS22D300HY.jpg', 13, 'Samsung', NULL, NULL, 'Monitor LED de 22"'),
(166, 'Samsung S24D300H', '/assets/images/products/Samsung-S24D300H.jpg', 13, 'Samsung', NULL, NULL, 'Monitor de LED 24" (1920x1080, HDMI), negro'),
(167, 'ASUS VX239H', '/assets/images/products/ASUS-VX239H.jpg', 13, 'ASUS', NULL, NULL, 'Monitor LED de 23" (1920 x 1080, Full HD, HDMI/MHL), negro'),
(168, 'Acer V206HQLAB', '/assets/images/products/Acer-V206HQLAB.jpg', 13, 'Acer', NULL, NULL, 'Monitor de 19.5" (1600 x 900 pixeles, tecnología LED), negro'),
(169, 'Benq GL2460', '/assets/images/products/Benq-GL2460.jpg', 13, 'Benq', NULL, NULL, 'Monitor de 24" (1920 x 1080 con tecnología TN), Negro'),
(170, 'BenQ EW2750ZL', '/assets/images/products/BenQ-EW2750ZL.jpg', 13, 'BenQ', NULL, NULL, 'Monitor LED 27" (LED AMVA+ E2E, FHD, Eye-Care, HDMI MHL, VGA, tiempo de respuesta 4ms) color negro'),
(171, 'BenQ GL2460HM', '/assets/images/products/BenQ-GL2460HM.jpg', 13, 'BenQ', NULL, NULL, 'Monitor LED de 24" (1920 x 1080, tecnología TN), color negro'),
(172, 'Philips 223V5LSB2/10', '/assets/images/products/Philips-223V5LSB2-10.jpg', 13, 'Philips', NULL, NULL, 'Monitor LED de 21.5'' (Full HD, 15.6 W), negro'),
(173, 'Asus VS197DE', '/assets/images/products/Asus-VS197DE.jpg', 13, 'Asus', NULL, NULL, 'Monitor de 18.5", 1366 x 768, LED, 5 ms), color negro'),
(174, 'BenQ XL2411Z', '/assets/images/products/BenQ-XL2411Z.jpg', 13, 'BenQ', NULL, NULL, 'Monitor LED de Gaming de 24" (Full HD, 144Hz, 1ms), color negro'),
(175, 'LG 25UM57-P', '/assets/images/products/LG-25UM57-P.jpg', 13, 'LG', NULL, NULL, 'Monitor IPS de 25" (Ultrawide 21:9, multi tarea, resolución WQHD 2560 x 1080 píxeles)'),
(176, 'LG 20M37A-B', '/assets/images/products/LG-20M37A-B.jpg', 13, 'LG', NULL, NULL, 'Monitor LED de 20" (formato 16:9, resolución 1600x900, Dual Smart Solution)'),
(177, 'BenQ EW2440L', '/assets/images/products/BenQ-EW2440L.jpg', 13, 'BenQ', NULL, NULL, 'Monitor LED de 24" (Full HD, VA Panel, eye-care, 2 x HDMI, USB) negro'),
(178, 'Acer K222HQL', '/assets/images/products/Acer-K222HQL.jpg', 13, 'Acer', NULL, NULL, 'Monitor LED 21.5'' (1080p, 5ms, HDMI, VGA y DVI,  fuente alimentación integrada, soporte VESA),...'),
(179, 'HP Pavilion 24XW', '/assets/images/products/HP-Pavilion-24XW.jpg', 13, 'HP', NULL, NULL, 'Monitor de 23.8" (8 ms, 250 cd/m², -2 - 25°, 100-240V)'),
(180, 'Philips 243V5LHAB', '/assets/images/products/Philips-243V5LHAB.jpg', 13, 'Philips', NULL, NULL, 'Monitor LED de 24" (1920x1080), negro'),
(181, 'Samsung S24E500C', '/assets/images/products/Samsung-S24E500C.jpg', 13, 'Samsung', NULL, NULL, 'Monitor curvo, 24", color negro'),
(182, 'Seagate ST4000VN000', '/assets/images/products/Seagate-ST4000VN000.jpg', 14, 'Seagate', NULL, NULL, 'Disco duro interno de 4 TB, negro'),
(183, 'Arctic Cooling F12', '/assets/images/products/Arctic-Cooling-F12.jpg', 14, 'Arctic', NULL, NULL, 'Ventilador para caja de ordenador'),
(184, 'B-Move BM500WB', '/assets/images/products/B-Move-BM500WB.jpg', 14, 'B-Move', NULL, NULL, 'Fuente de alimentación (500 W, 12 cm)'),
(185, 'Asus 210-SL-TC1GD3-L', '/assets/images/products/Asus-210-SL-TC1GD3-L.jpg', 14, 'Asus', NULL, NULL, 'Tarjeta gráfica, NVIDIA GeForce 210, TurboCache 1GB, PCI Express 2.0'),
(186, 'SanDisk Ultra II', '/assets/images/products/SanDisk-Ultra-II.jpg', 14, 'SanDisk', NULL, NULL, 'Disco duro sólido interno SSD de 240 GB (SATA III, 2.5", 550 MB/s de lectura), negro'),
(187, 'TP-LINK TL-WN881ND', '/assets/images/products/TP-LINK-TL-WN881ND.jpg', 14, 'TP-LINK', NULL, NULL, 'Adaptador PCI Express (300 Mbps, 2.4 GHz, 802.11n/g/b, 2 antenas desmontables)'),
(188, 'Kingston KVR800D2N6/2G', '/assets/images/products/Kingston-KVR800D2N6-2G.jpg', 14, 'Kingston', NULL, NULL, 'Memoria RAM de 2 GB (800 MHz DDR2 Non-ECC CL6 DIMM, 240-pin)'),
(189, 'Crucial', '/assets/images/products/Crucial.jpg', 14, 'Crucial', NULL, NULL, 'Memoria RAM de 16 GB (8 GB x 2, DDR3, 1600 MHz)'),
(190, 'Intel BX80662I56600K', '/assets/images/products/Intel-BX80662I56600K.jpg', 14, 'Intel', NULL, NULL, 'Procesador (Core i5 6600K Skylake, frecuencia base 3.5 GHz, frecuencia turbo máxima 3.9 GHz, FC-LGA14C)'),
(191, 'Crucial', '/assets/images/products/Crucial.jpg', 14, 'Crucial', NULL, NULL, 'Memoria RAM (DDR3, 1600 MHz, 4 GB, 204 pin)'),
(192, 'HyperX Impact', '/assets/images/products/HyperX-Impact.jpg', 14, 'HyperX', NULL, NULL, 'Memoria RAM de 8 GB (XMP DDR3-1600 MHz Non-ECC CL9 SODIMM 1.35 V), Color negro'),
(193, 'Samsung STSHX-M201TCB', '/assets/images/products/Samsung-STSHX-M201TCB.jpg', 14, 'Samsung', NULL, NULL, 'Disco duro externo de 2 TB (2.5'', USB 3.0, 4.8 Gb/s), color negro'),
(194, 'CSL', '/assets/images/products/CSL.jpg', 14, 'CSL', NULL, NULL, 'Tarjeta de red Gigabit PCIe (PCI-E/PCI Express) | 10/100/1000 Mbit/s / 2000 Mbit (dúplex completo) | Lan / Fast Ethernet'),
(195, 'Samsung SE-208GB', '/assets/images/products/Samsung-SE-208GB.jpg', 14, 'Samsung', NULL, NULL, 'Regrabadora DVD externa slim, negro'),
(196, 'WD Blue', '/assets/images/products/WD-Blue.jpg', 14, 'WD', NULL, NULL, 'Disco duro para ordenadores portátiles de 750 GB (9,5 mm, 5400 rpm, SATA a 6 Gb/s, 2,5")'),
(197, 'NOX NXCBAYSX', '/assets/images/products/NOX-NXCBAYSX.jpg', 14, 'NOX', NULL, NULL, 'Caja de ordenador de sobremesa (indicadores LED, USB 3.0), negro'),
(198, 'Samsung 850 EVO M.2', '/assets/images/products/Samsung-850-EVO-M.2.jpg', 14, 'Samsung', NULL, NULL, 'Disco duro sólido interno SSD de 250 GB (M.2, SATA III, 540 MB/s)'),
(199, 'WD Red', '/assets/images/products/WD-Red.jpg', 14, 'WD', NULL, NULL, 'Disco duro para dispositivos NAS de sobremesa de 2 TB (Intellipower, SATA a 6 Gb/s, 64 MB de caché, 3,5")'),
(200, 'WD Blue', '/assets/images/products/WD-Blue.jpg', 14, 'WD', NULL, NULL, 'Disco duro para ordenadores de sobremesa de 2 TB (5400 rpm, SATA a 6 Gb/s, 64 MB de caché, 3,5")'),
(201, 'Targus TAR300', '/assets/images/products/Targus-TAR300.jpg', 15, 'Targus', NULL, NULL, 'Maletín para portátil (bolsillo para accesorios), negro'),
(202, 'CoolReall', '/assets/images/products/CoolReall.jpg', 15, 'CoolReall', NULL, NULL, 'Protector de Pantalla de Vidrio Templado para Tablet Samsung Galaxy Tab A 9.7,transparente'),
(203, 'Apple Magsafe', '/assets/images/products/Apple-Magsafe.jpg', 15, 'Apple', NULL, NULL, 'Adaptador de corriente para MacBook Pro de 13 pulgadas, blanco'),
(204, 'AmazonBasics', '/assets/images/products/AmazonBasics.jpg', 15, 'AmazonBasics', NULL, NULL, 'Funda protectora para portátiles de 13.3", negro'),
(205, 'Tacens ANBC2', '/assets/images/products/Tacens-ANBC2.jpg', 15, 'Tacens', NULL, NULL, 'Base de refrigeración para portátil (diámetro del ventilador: 140 mm) negro'),
(206, 'Conceptronic CNBCOOLPAD2F', '/assets/images/products/Conceptronic-CNBCOOLPAD2F.jpg', 15, 'Conceptronic', NULL, NULL, 'Base de refrigeración para portátil (USB, Negro, 340 x 250 x 24 mm, Aluminio)'),
(207, 'AmazonBasics', '/assets/images/products/AmazonBasics.jpg', 15, 'AmazonBasics', NULL, NULL, 'Maletín para portátiles y tablets (hasta 11,6")'),
(208, 'Aukru', '/assets/images/products/Aukru.jpg', 15, 'Aukru', NULL, NULL, 'Cargador para Raspberry Pi 2 (5 V, 2 A, 2000 mAh, MicroUSB), color negro'),
(209, 'Port Designs Houston', '/assets/images/products/Port-Designs-Houston.jpg', 15, 'Port', NULL, NULL, 'Mochila de transporte para ordenador portátil'),
(210, 'Tacens MNBC1', '/assets/images/products/Tacens-MNBC1.jpg', 15, 'Tacens', NULL, NULL, 'Base de refrigeración para portátil Gaming, negro'),
(211, 'HP Value Backpack 15.6', '/assets/images/products/HP-Value-Backpack-15.6.jpg', 15, 'HP', NULL, NULL, 'Mochila para portátiles de hasta 15.6", gris y azul'),
(212, 'CSL', '/assets/images/products/CSL.jpg', 15, 'CSL', NULL, NULL, 'Fuente de alimentación universal 3 / 4,5 / 5 / 6 / 7,5 / 9 y 12V CA/CC 1000 mA, 9 conectores | adaptador...'),
(213, 'Kensington K62591EU', '/assets/images/products/Kensington-K62591EU.jpg', 15, 'Kensington', NULL, NULL, 'Mochila para ordenador portátil de 14"(10,2 x 25,4 x 35,6 cm), negro'),
(214, 'Toshiba', '/assets/images/products/Toshiba.jpg', 15, 'Toshiba', NULL, NULL, 'Cargador para portátiles Toshiba (19 V, 3,95 A)'),
(215, 'Tacens ANBP100', '/assets/images/products/Tacens-ANBP100.jpg', 15, 'Tacens', NULL, NULL, 'Cargador universal para portátil (100-240 V, 100 W), negro'),
(216, 'Excelvan', '/assets/images/products/Excelvan.jpg', 16, 'Excelvan', NULL, NULL, 'Ligero Impresora Pluma Lapiz 3D para Dibujos 3D con Pantalla LED Velocidad Ajustable, Blanco'),
(217, 'BQ Hephestos 2', '/assets/images/products/BQ-Hephestos-2.jpg', 16, 'BQ', NULL, NULL, 'Impresora 3D'),
(218, 'Prusa KITP3STEEL', '/assets/images/products/Prusa-KITP3STEEL.jpg', 16, 'Prusa', NULL, NULL, 'Kit de montaje impresora 3D RepRap i3 P3Steelcon (incluye 1 kg de filamento)'),
(219, 'BQ Witbox 2', '/assets/images/products/BQ-Witbox-2.jpg', 16, 'BQ', NULL, NULL, 'Impresora 3D, color blanco'),
(220, 'XYZprinting Da Vinci 1.0A', '/assets/images/products/XYZprinting-Da-Vinci-1.0A.jpg', 16, 'XYZprinting', NULL, NULL, 'Impresora 3D'),
(221, 'Wanhao', '/assets/images/products/Wanhao.jpg', 16, 'Wanhao', NULL, NULL, 'Impresora 3D Nuevo Modelo de 2014 Wanhao D4S, de Technologyoutlet'),
(222, 'PlayStation 4 (PS4)', '/assets/images/products/PlayStation-4-(PS4).jpg', 19, 'PlayStation', NULL, NULL, 'Consola 1 Tera + Uncharted 4'),
(223, 'PlayStation 4 (PS4)', '/assets/images/products/PlayStation-4-(PS4).jpg', 19, 'PlayStation', NULL, NULL, 'Consola 500GB'),
(224, 'PlayStation 4 (PS4)', '/assets/images/products/PlayStation-4-(PS4).jpg', 19, 'PlayStation', NULL, NULL, 'Consola 1 Tera + Doom'),
(225, 'PlayStation 4 (PS4)', '/assets/images/products/PlayStation-4-(PS4).jpg', 19, 'PlayStation', NULL, NULL, 'Consola 1 Tera + Overwatch'),
(226, 'Thrustmaster', '/assets/images/products/Thrustmaster.jpg', 19, 'Thrustmaster', NULL, NULL, 'Volante T150 - Ferrari Edition (PS4/PS3)'),
(227, 'PlayStation 4 (PS4)', '/assets/images/products/PlayStation-4-(PS4).jpg', 19, 'PlayStation', NULL, NULL, 'Consola 500GB + FIFA 16 - Standard Edition + 2º Mando'),
(228, 'PlayStation 4 (PS4)', '/assets/images/products/PlayStation-4-(PS4).jpg', 19, 'PlayStation', NULL, NULL, 'Consola 1 TB + 2 Mandos + Far Cry Primal + God Of War III Remastered'),
(229, 'PlayStation 4 (PS4)', '/assets/images/products/PlayStation-4-(PS4).jpg', 19, 'PlayStation', NULL, NULL, 'Consola 500GB + Grand Theft Auto V (GTA V)'),
(230, 'PlayStation 4', '/assets/images/products/PlayStation-4.jpg', 19, 'PlayStation', NULL, NULL, 'Consola 1 Tera + 2º DS4'),
(231, 'Ubisoft', '/assets/images/products/Ubisoft.jpg', 22, 'Ubisoft', NULL, NULL, 'Figura Pagan Min De Far Cry 4'),
(232, 'Ubisoft', '/assets/images/products/Ubisoft.jpg', 22, 'Ubisoft', NULL, NULL, 'Figura Ezio Auditore'),
(233, 'Namco Bandai', '/assets/images/products/Namco-Bandai.jpg', 22, 'Namco', NULL, NULL, 'Peluche Red Yoshi Small De 17 cm, Plush'),
(234, 'Nintendo', '/assets/images/products/Nintendo.jpg', 22, 'Nintendo', NULL, NULL, 'Figura Larry Koopa, Penguin Luigi, Red Koopa Troopa, 2 cm'),
(235, 'Nintendo', '/assets/images/products/Nintendo.jpg', 22, 'Nintendo', NULL, NULL, 'Figura Bob-Om, Princess Peach, Yoshi, 2 cm'),
(236, 'Import Usa', '/assets/images/products/Import-Usa.jpg', 22, 'Import', NULL, NULL, 'Figura Joker DC Comics 7 cm'),
(237, 'NINTENDO', '/assets/images/products/NINTENDO.jpg', 22, 'NINTENDO', NULL, NULL, 'Peluche Zelda Tingle 20cm'),
(238, 'The Witcher 3: Wild Hunt', '/assets/images/products/The-Witcher-3:-Wild-Hunt.jpg', 23, 'The', NULL, NULL, 'Blood And Wine'),
(239, 'FIFA 16', '/assets/images/products/FIFA-16.jpg', 23, 'FIFA', NULL, NULL, 'Standard Edition'),
(240, 'Overwatch Origins', '/assets/images/products/Overwatch-Origins.jpg', 41, 'Overwatch', NULL, NULL, 'Reserva con Figura Winston Bebé'),
(241, 'DOOM', '/assets/images/products/DOOM.jpg', 41, 'DOOM', NULL, NULL, 'Day One Edition'),
(242, 'The Witcher 3: Wild Hunt', '/assets/images/products/The-Witcher-3:-Wild-Hunt.jpg', 41, 'The', NULL, NULL, 'Blood And Wine'),
(243, 'World Of Warcraft: Legion', '/assets/images/products/World-Of-Warcraft:-Legion.jpg', 41, 'World', NULL, NULL, 'Caja Precompra'),
(244, 'Total War: Warhammer', '/assets/images/products/Total-War:-Warhammer.jpg', 41, 'Total', NULL, NULL, 'Limited Edition'),
(245, 'Project CARS', '/assets/images/products/Project-CARS.jpg', 42, 'Project', NULL, NULL, 'Game Of The Year Edition'),
(246, 'One Piece: Burning Blood', '/assets/images/products/One-Piece:-Burning-Blood.jpg', 42, 'One', NULL, NULL, 'Marineford Edition'),
(247, 'Qiyun', '/assets/images/products/Qiyun.jpg', 24, 'Qiyun', NULL, NULL, 'Vestido para mujer'),
(248, 'Nivea Sun Kids', '/assets/images/products/Nivea-Sun-Kids.jpg', 24, 'Nivea', NULL, NULL, 'Spray solar niños, factor de protección solar 50+ muy alta, extra resistente al agua - 300 ml'),
(249, 'Hawkers ONE', '/assets/images/products/Hawkers-ONE.jpg', 24, 'Hawkers', NULL, NULL, 'Gafas de sol, DIAMOND BLACK SKY'),
(250, 'Cressi Antifog', '/assets/images/products/Cressi-Antifog.jpg', 24, 'Cressi', NULL, NULL, 'Spray para gafas de natación'),
(251, 'Hawkers ONE', '/assets/images/products/Hawkers-ONE.jpg', 24, 'Hawkers', NULL, NULL, 'Gafas de sol, CARBON BLACK EMERALD'),
(252, 'Syma X5C Exlorers 2.4G', '/assets/images/products/Syma-X5C-Exlorers-2.4G.jpg', 24, 'Syma', NULL, NULL, 'Dron Quadcopter de 6 ejes con control remoto y cámara HD'),
(253, 'Polti Forzaspira C110', '/assets/images/products/Polti-Forzaspira-C110.jpg', 24, 'Polti', NULL, NULL, 'Aspirador ciclónico sin bolsa potente'),
(254, 'HelensB&W-Female', '/assets/images/products/HelensB&W-Female.jpg', 25, 'HelensB&W-Female', NULL, NULL, 'zapatilla baja mujer'),
(255, 'ASICS', '/assets/images/products/ASICS.jpg', 25, 'ASICS', NULL, NULL, 'Gel-nimbus 18, Zapatillas de Running hombre'),
(256, 'ASICS', '/assets/images/products/ASICS.jpg', 25, 'ASICS', NULL, NULL, 'Gel-noosa Tri 11, Zapatillas de Running mujer'),
(257, 'ASICS', '/assets/images/products/ASICS.jpg', 25, 'ASICS', NULL, NULL, 'Patriot 8, Zapatillas de Running mujer'),
(258, 'New Balance 420', '/assets/images/products/New-Balance-420.jpg', 25, 'New', NULL, NULL, 'Zapatillas, unisex'),
(259, 'Vans U Sk8-Hi', '/assets/images/products/Vans-U-Sk8-Hi.jpg', 25, 'Vans', NULL, NULL, 'Zapatillas altas, Unisex'),
(260, 'Skechers Flex Appeal', '/assets/images/products/Skechers-Flex-Appeal.jpg', 25, 'Skechers', NULL, NULL, 'Obvious Choice - Zapatos para mujer'),
(261, 'Converse Chuck Taylor Hi', '/assets/images/products/Converse-Chuck-Taylor-Hi.jpg', 25, 'Converse', NULL, NULL, 'Zapatillas para mujer, color blanco'),
(262, 'Skechers 13590', '/assets/images/products/Skechers-13590.jpg', 25, 'Skechers', NULL, NULL, 'Zapatillas de deporte, Mujer'),
(263, 'ASICS', '/assets/images/products/ASICS.jpg', 25, 'ASICS', NULL, NULL, 'Gel-nimbus 18, Zapatillas de Running mujer'),
(264, 'Skechers Go Walk 3', '/assets/images/products/Skechers-Go-Walk-3.jpg', 25, 'Skechers', NULL, NULL, 'Zapatillas de deporte para mujer'),
(265, 'Skechers Ez Flex', '/assets/images/products/Skechers-Ez-Flex.jpg', 25, 'Skechers', NULL, NULL, 'Take-It-Easy - Zapatillas de deporte para mujer'),
(266, 'Saucony Kinvara 7', '/assets/images/products/Saucony-Kinvara-7.jpg', 25, 'Saucony', NULL, NULL, 'Zapatillas de Running para Asfalto Mujer'),
(267, 'Reebok Freestyle Hi', '/assets/images/products/Reebok-Freestyle-Hi.jpg', 25, 'Reebok', NULL, NULL, 'Zapatillas de cuero para mujer'),
(268, 'Reebok Princess', '/assets/images/products/Reebok-Princess.jpg', 25, 'Reebok', NULL, NULL, 'Zapatillas, Mujer'),
(269, 'ASICS', '/assets/images/products/ASICS.jpg', 25, 'ASICS', NULL, NULL, 'Gel-pulse 7, Zapatillas de Running mujer'),
(270, 'Spiuk Rocca MTB', '/assets/images/products/Spiuk-Rocca-MTB.jpg', 25, 'Spiuk', NULL, NULL, 'Zapatillas unisex'),
(271, 'adidas Duramo Slide', '/assets/images/products/adidas-Duramo-Slide.jpg', 25, 'adidas', NULL, NULL, 'Chanclas unisex, color azul / verde, talla 52 2/3'),
(272, 'Converse All Star', '/assets/images/products/Converse-All-Star.jpg', 25, 'Converse', NULL, NULL, 'Zapatillas, Unisex, ,'),
(273, 'Clarks Feature Film', '/assets/images/products/Clarks-Feature-Film.jpg', 25, 'Clarks', NULL, NULL, 'Bailarinas de cuero para mujer'),
(274, 'Skechers GO WALK 2', '/assets/images/products/Skechers-GO-WALK-2.jpg', 25, 'Skechers', NULL, NULL, 'Zapatillas Mujer'),
(275, 'ASICS', '/assets/images/products/ASICS.jpg', 25, 'ASICS', NULL, NULL, 'Gel-noosa Tri 11, Zapatillas de Running hombre'),
(276, 'ASICS', '/assets/images/products/ASICS.jpg', 25, 'ASICS', NULL, NULL, 'Gel-cumulus 17, Zapatillas de Running mujer'),
(277, 'La Sportiva Ultra Raptor', '/assets/images/products/La-Sportiva-Ultra-Raptor.jpg', 25, 'La', NULL, NULL, 'Deportivos de running para hombre'),
(278, 'adidas Los Angeles', '/assets/images/products/adidas-Los-Angeles.jpg', 25, 'adidas', NULL, NULL, 'Zapatillas para hombre'),
(279, 'Nike AIR MAX THEA', '/assets/images/products/Nike-AIR-MAX-THEA.jpg', 25, 'Nike', NULL, NULL, 'Zapatillas para mujer'),
(280, 'ASICS', '/assets/images/products/ASICS.jpg', 25, 'ASICS', NULL, NULL, 'Gt-1000 4, Zapatillas de Running hombre'),
(281, 'Salomon Speedcross 3', '/assets/images/products/Salomon-Speedcross-3.jpg', 25, 'Salomon', NULL, NULL, 'Zapatillas de correr de tela para hombre'),
(282, 'adidas X 15.3 CT J', '/assets/images/products/adidas-X-15.3-CT-J.jpg', 25, 'adidas', NULL, NULL, 'Botas de fútbol Unisex bebé'),
(283, 'ASICS', '/assets/images/products/ASICS.jpg', 25, 'ASICS', NULL, NULL, 'Gel-zaraca 4, Zapatillas de Running mujer'),
(284, 'La Sportiva Bushido', '/assets/images/products/La-Sportiva-Bushido.jpg', 25, 'La', NULL, NULL, 'Deportivos de running para hombre'),
(285, 'Spiuk Linze MTB', '/assets/images/products/Spiuk-Linze-MTB.jpg', 25, 'Spiuk', NULL, NULL, 'Zapatillas unisex'),
(286, 'PumaLeadcat', '/assets/images/products/PumaLeadcat.jpg', 25, 'PumaLeadcat', NULL, NULL, 'Zapatos de playa y piscina  adultos unisex'),
(287, 'Skechers Flex Appeal', '/assets/images/products/Skechers-Flex-Appeal.jpg', 25, 'Skechers', NULL, NULL, 'First Glance - Zapatillas de deporte para mujer'),
(288, 'Skechers Flex Appeal', '/assets/images/products/Skechers-Flex-Appeal.jpg', 25, 'Skechers', NULL, NULL, 'Spring Fever - Zapatillas de deporte para mujer'),
(289, 'ASICS Gel-Nimbus 17', '/assets/images/products/ASICS-Gel-Nimbus-17.jpg', 25, 'ASICS', NULL, NULL, 'Zapatillas de running para mujer'),
(290, 'Kipling Gabbie', '/assets/images/products/Kipling-Gabbie.jpg', 26, 'Kipling', NULL, NULL, 'Bolso de hombro Mujer'),
(291, 'Miss KG Honour', '/assets/images/products/Miss-KG-Honour.jpg', 26, 'Miss', NULL, NULL, 'Bolso estilo sobre mujer'),
(292, 'Kipling Mini Backpack Bpc', '/assets/images/products/Kipling-Mini-Backpack-Bpc.jpg', 26, 'Kipling', NULL, NULL, 'Mochila Mujer'),
(293, 'KiplingLeike', '/assets/images/products/KiplingLeike.jpg', 26, 'KiplingLeike', NULL, NULL, 'Bolso bandolera mujer'),
(294, 'DGY', '/assets/images/products/DGY.jpg', 26, 'DGY', NULL, NULL, 'Moda mochila de lona y PU cuero con diseño casual para mujer Bolsa de Viaje Mochila de a diario - E00117'),
(295, 'Hispanitas Bolsos', '/assets/images/products/Hispanitas-Bolsos.jpg', 26, 'Hispanitas', NULL, NULL, 'Cartera de mano Mujer'),
(296, 'MODALU() Lulu', '/assets/images/products/MODALU()-Lulu.jpg', 26, 'MODALU()', NULL, NULL, 'Mochila Mujer'),
(297, 'Kipling Emmalee S Bpc', '/assets/images/products/Kipling-Emmalee-S-Bpc.jpg', 26, 'Kipling', NULL, NULL, 'Bolso de mano Mujer'),
(298, 'Kipling NEW SHOPPER S', '/assets/images/products/Kipling-NEW-SHOPPER-S.jpg', 26, 'Kipling', NULL, NULL, 'Bolso de hombro de material sintético mujer'),
(299, 'Eshow', '/assets/images/products/Eshow.jpg', 26, 'Eshow', NULL, NULL, 'Bolso al hombro de lona para mujer'),
(300, 'DesigualVarsovia Far West', '/assets/images/products/DesigualVarsovia-Far-West.jpg', 26, 'DesigualVarsovia', NULL, NULL, 'Bolso bandolera mujer'),
(301, 'SAC-DESTOCK', '/assets/images/products/SAC-DESTOCK.jpg', 26, 'SAC-DESTOCK', NULL, NULL, 'Mujer Bolso de Mano de Cuero - Correa de mano y el hombro - Cuero gamuza - Ref : IBIZA'),
(302, 'DesigualDakar Sumatra', '/assets/images/products/DesigualDakar-Sumatra.jpg', 26, 'DesigualDakar', NULL, NULL, 'Mochila  mujer'),
(303, 'Desigual Folded Sunrise', '/assets/images/products/Desigual-Folded-Sunrise.jpg', 26, 'Desigual', NULL, NULL, 'Bolso cruzados para mujer'),
(304, 'Guess', '/assets/images/products/Guess.jpg', 26, 'Guess', NULL, NULL, 'Bolso para mujer, color verde militar'),
(305, 'Tuscany Leather', '/assets/images/products/Tuscany-Leather.jpg', 26, 'Tuscany', NULL, NULL, 'TL Bag - Bolso en piel soave con borla y bandolera - TL141110'),
(306, 'SKPA-T', '/assets/images/products/SKPA-T.jpg', 26, 'SKPA-T', NULL, NULL, '15625 BOLSO BANDOLERA CHEYEN'),
(307, 'SAC-DESTOCK ZURICH', '/assets/images/products/SAC-DESTOCK-ZURICH.jpg', 26, 'SAC-DESTOCK', NULL, NULL, 'Bolso de mano (cuero graneado)'),
(308, 'Desigual', '/assets/images/products/Desigual.jpg', 26, 'Desigual', NULL, NULL, 'Bolso cruzados para mujer Fantasie'),
(309, 'Kipling CITY PACK B', '/assets/images/products/Kipling-CITY-PACK-B.jpg', 26, 'Kipling', NULL, NULL, 'Mochila Mujer'),
(310, 'Guess', '/assets/images/products/Guess.jpg', 26, 'Guess', NULL, NULL, 'Bolso para mujer, color gris metalizado'),
(311, 'Kipling Art S Kc', '/assets/images/products/Kipling-Art-S-Kc.jpg', 26, 'Kipling', NULL, NULL, 'Bolso de mano Mujer'),
(312, 'Casio A158WA1Q', '/assets/images/products/Casio-A158WA1Q.jpg', 27, 'Casio', NULL, NULL, 'Reloj Unisex metálico Negro / Plata'),
(313, 'Daniel Wellington 0506DW', '/assets/images/products/Daniel-Wellington-0506DW.jpg', 27, 'Daniel', NULL, NULL, 'Reloj analógico de cuarzo para mujer con correa de nylon, color multicolor'),
(314, 'CASIO A168WG-9E', '/assets/images/products/CASIO-A168WG-9E.jpg', 27, 'CASIO', NULL, NULL, 'Reloj de cuarzo unisex, color dorado'),
(315, 'Daniel Wellington', '/assets/images/products/Daniel-Wellington.jpg', 27, 'Daniel', NULL, NULL, 'Reloj analógico para mujer de nailon blanco'),
(316, 'Torgoen T10103', '/assets/images/products/Torgoen-T10103.jpg', 27, 'Torgoen', NULL, NULL, 'Reloj unisex de cuarzo, correa de piel color negro'),
(317, 'Bering Ceramic', '/assets/images/products/Bering-Ceramic.jpg', 27, 'Bering', NULL, NULL, 'Reloj analógico de mujer de cuarzo con correa de varios materiales multicolor - sumergible a 50 metros'),
(318, 'Casio A158WA', '/assets/images/products/Casio-A158WA.jpg', 27, 'Casio', NULL, NULL, 'Reloj unisexo, correa de acero inoxidable color plateado'),
(319, 'Casio A168W', '/assets/images/products/Casio-A168W.jpg', 27, 'Casio', NULL, NULL, 'Reloj Unisex Negro/Plata'),
(320, 'Casio CASIO Collection', '/assets/images/products/Casio-CASIO-Collection.jpg', 27, 'Casio', NULL, NULL, 'Reloj digital unisex de cuarzo con correa de resina azul (cronómetro, alarma, luz) - sumergible a 50 metros'),
(321, 'Daniel Wellington 0511DW', '/assets/images/products/Daniel-Wellington-0511DW.jpg', 27, 'Daniel', NULL, NULL, 'Reloj para mujer con correa de cuero, color blanco / gris'),
(322, 'Daniel Wellington', '/assets/images/products/Daniel-Wellington.jpg', 27, 'Daniel', NULL, NULL, 'Reloj analógico para mujer de nailon blanco'),
(323, 'Daniel Wellington', '/assets/images/products/Daniel-Wellington.jpg', 27, 'Daniel', NULL, NULL, 'Reloj para mujer, con correa de nailon, color multicolor'),
(324, 'Daniel Wellington 0502DW', '/assets/images/products/Daniel-Wellington-0502DW.jpg', 27, 'Daniel', NULL, NULL, 'Reloj para mujer con correa de nylon, color blanco / gris'),
(325, 'Daniel Wellington 0508DW', '/assets/images/products/Daniel-Wellington-0508DW.jpg', 27, 'Daniel', NULL, NULL, 'Reloj para mujer con correa de cuero, color blanco / gris'),
(326, 'Daniel Wellington 0900DW', '/assets/images/products/Daniel-Wellington-0900DW.jpg', 27, 'Daniel', NULL, NULL, 'Reloj para mujer con correa de cuero, color blanco / gris'),
(327, 'Casio Casio Collection', '/assets/images/products/Casio-Casio-Collection.jpg', 27, 'Casio', NULL, NULL, 'Reloj analógico de mujer de cuarzo con correa de acero inoxidable plateada - sumergible a 50 metros'),
(328, 'Daniel Wellington 0952DW', '/assets/images/products/Daniel-Wellington-0952DW.jpg', 27, 'Daniel', NULL, NULL, 'Reloj para mujer con correa de nylon - color azul marino/ rosa'),
(329, 'Daniel Wellington', '/assets/images/products/Daniel-Wellington.jpg', 27, 'Daniel', NULL, NULL, 'Reloj analógico para mujer, correa de cuero, color negro'),
(330, 'Festina Mademoiselle', '/assets/images/products/Festina-Mademoiselle.jpg', 27, 'Festina', NULL, NULL, 'Reloj de cuarzo para mujer, correa de acero inoxidable color oro rosa'),
(331, 'Jacques Lemans 1-1371F', '/assets/images/products/Jacques-Lemans-1-1371F.jpg', 27, 'Jacques', NULL, NULL, 'Reloj analógico de mujer de cuarzo con correa de piel negra - sumergible a 50 metros');
INSERT INTO `productos` (`id`, `nombre`, `foto`, `subcategoria`, `marca`, `estado`, `fecha_alta`, `descripcion`) VALUES
(332, 'Michael Kors MK5799', '/assets/images/products/Michael-Kors-MK5799.jpg', 27, 'Michael', NULL, NULL, 'Reloj para mujeres, correa de acero inoxidable chapado color oro rosa'),
(333, 'Casio LA680WEA-7EF', '/assets/images/products/Casio-LA680WEA-7EF.jpg', 27, 'Casio', NULL, NULL, 'Reloj digital de cuarzo para mujer con correa de acero inoxidable, color plateado'),
(334, 'R.U.Braun', '/assets/images/products/R.U.Braun.jpg', 27, 'R.U.Braun', NULL, NULL, 'Caja para 4 relojes automáticos'),
(335, 'CASIO La670Wega-9Ef', '/assets/images/products/CASIO-La670Wega-9Ef.jpg', 27, 'CASIO', NULL, NULL, 'Reloj de mujer de cuarzo, correa de acero inoxidable color oro'),
(336, 'Daniel Wellington 0607DW', '/assets/images/products/Daniel-Wellington-0607DW.jpg', 27, 'Daniel', NULL, NULL, 'Reloj analógico, para mujer, color blanco y marrón'),
(337, 'Seiko Quarz', '/assets/images/products/Seiko-Quarz.jpg', 27, 'Seiko', NULL, NULL, 'Reloj de cuarzo para mujer, correa de acero inoxidable color plateado'),
(338, 'Daniel Wellington', '/assets/images/products/Daniel-Wellington.jpg', 27, 'Daniel', NULL, NULL, 'Reloj analógico para mujer de nailon multicolor'),
(339, 'Casio LA670WEA-7EF', '/assets/images/products/Casio-LA670WEA-7EF.jpg', 27, 'Casio', NULL, NULL, 'Reloj digital de cuarzo para mujer con correa de acero inoxidable, color plateado'),
(340, 'Daniel Wellington 0503DW', '/assets/images/products/Daniel-Wellington-0503DW.jpg', 27, 'Daniel', NULL, NULL, 'Reloj analógico, para mujer, multicolor'),
(341, 'Daniel Wellington 0906DW', '/assets/images/products/Daniel-Wellington-0906DW.jpg', 27, 'Daniel', NULL, NULL, 'Reloj con correa de nailon, para mujer, multicolor'),
(342, 'Daniel Wellington 0602DW', '/assets/images/products/Daniel-Wellington-0602DW.jpg', 27, 'Daniel', NULL, NULL, 'Reloj para mujer con correa de nylon, color blanco / gris'),
(343, 'Michael Kors MK5055', '/assets/images/products/Michael-Kors-MK5055.jpg', 27, 'Michael', NULL, NULL, 'Reloj para mujer con correa de acero, color dorado / gris'),
(344, 'Gino Milano MWF14-046B', '/assets/images/products/Gino-Milano-MWF14-046B.jpg', 27, 'Gino', NULL, NULL, 'Reloj de pulsera mujer, metal, color plateado'),
(345, 'CASIO AW90H9EVEF', '/assets/images/products/CASIO-AW90H9EVEF.jpg', 27, 'CASIO', NULL, NULL, 'Reloj unisex de cuarzo, correa de resina color negro'),
(346, 'Daniel Wellington', '/assets/images/products/Daniel-Wellington.jpg', 27, 'Daniel', NULL, NULL, 'Reloj analógico para mujer de cuero, color marrón'),
(347, 'Michael Kors MK5166', '/assets/images/products/Michael-Kors-MK5166.jpg', 27, 'Michael', NULL, NULL, 'Reloj para mujer con correa de acero, color dorado / gris'),
(348, 'Geneva SKU176641', '/assets/images/products/Geneva-SKU176641.jpg', 27, 'Geneva', NULL, NULL, 'Reloj de pulsera mujer'),
(349, 'FESTINA  F16718/2', '/assets/images/products/FESTINA--F16718-2.jpg', 27, 'FESTINA', NULL, NULL, 'Reloj de cuarzo para mujer, con correa de acero inoxidable chapado, color oro rosa'),
(350, 'Esprit A.ES102982001', '/assets/images/products/Esprit-A.ES102982001.jpg', 27, 'Esprit', NULL, NULL, 'Reloj analógico de cuarzo para mujer con correa de piel, color negro'),
(351, 'Festina F16716/3', '/assets/images/products/Festina-F16716-3.jpg', 27, 'Festina', NULL, NULL, 'Reloj de cuarzo para mujer, con correa de acero inoxidable, color plateado'),
(352, 'MICHAEL KORS MK5191', '/assets/images/products/MICHAEL-KORS-MK5191.jpg', 27, 'MICHAEL', NULL, NULL, 'Reloj analógico de cuarzo para mujer con correa de acero inoxidable, color negro'),
(353, 'Michael Kors MK3178', '/assets/images/products/Michael-Kors-MK3178.jpg', 27, 'Michael', NULL, NULL, 'Reloj analógico de cuarzo para mujer con correa de acero inoxidable, color plateado'),
(354, 'Casio LA670WG', '/assets/images/products/Casio-LA670WG.jpg', 27, 'Casio', NULL, NULL, 'Reloj de Señora metálico Oro / Negro'),
(355, 'Gaastra Mile MN', '/assets/images/products/Gaastra-Mile-MN.jpg', 32, 'Gaastra', NULL, NULL, 'Camisa para hombre'),
(356, 'LERROS LERROS O-Neck', '/assets/images/products/LERROS-LERROS-O-Neck.jpg', 32, 'LERROS', NULL, NULL, 'Camiseta Hombre'),
(357, 'ARQUEONAUTAS 201242', '/assets/images/products/ARQUEONAUTAS-201242.jpg', 32, 'ARQUEONAUTAS', NULL, NULL, 'Camisa Hombre'),
(358, 'Criminal Damage JIMMY TEE', '/assets/images/products/Criminal-Damage-JIMMY-TEE.jpg', 32, 'Criminal', NULL, NULL, 'camiseta Hombre'),
(359, 'JACK & JONES Clark', '/assets/images/products/JACK-&-JONES-Clark.jpg', 32, 'JACK', NULL, NULL, 'camiseta Hombre'),
(360, 'ARQUEONAUTAS T-Shirt', '/assets/images/products/ARQUEONAUTAS-T-Shirt.jpg', 32, 'ARQUEONAUTAS', NULL, NULL, 'Camiseta Hombre'),
(361, 'DeeLuxe FRESH', '/assets/images/products/DeeLuxe-FRESH.jpg', 32, 'DeeLuxe', NULL, NULL, 'sudadera Hombre'),
(362, 'Signum 1/2 Stehkragen', '/assets/images/products/Signum-1-2-Stehkragen.jpg', 32, 'Signum', NULL, NULL, 'Blusa Hombre'),
(363, 'Bellfield Zorro', '/assets/images/products/Bellfield-Zorro.jpg', 32, 'Bellfield', NULL, NULL, 'Camiseta de manga corta para hombre'),
(364, 'SELECTED Yard', '/assets/images/products/SELECTED-Yard.jpg', 32, 'SELECTED', NULL, NULL, 'Pantalones Hombre'),
(365, 'Benetton Slim Fit Chino', '/assets/images/products/Benetton-Slim-Fit-Chino.jpg', 32, 'Benetton', NULL, NULL, 'Pantalones Hombre'),
(366, 'Scotch & Soda 99019980099', '/assets/images/products/Scotch-&-Soda-99019980099.jpg', 32, 'Scotch', NULL, NULL, 'Pantalones Hombre'),
(367, 'G Star Bronson 3d', '/assets/images/products/G-Star-Bronson-3d.jpg', 32, 'G', NULL, NULL, 'Pantalones Hombre'),
(368, 'Casamoda 462420000', '/assets/images/products/Casamoda-462420000.jpg', 32, 'Casamoda', NULL, NULL, 'Blusa Hombre'),
(369, 'Esprit cotton linen LS', '/assets/images/products/Esprit-cotton-linen-LS.jpg', 32, 'Esprit', NULL, NULL, 'Camisa Hombre'),
(370, 'JACK & JONES Stan', '/assets/images/products/JACK-&-JONES-Stan.jpg', 32, 'JACK', NULL, NULL, 'Camisa de deporte Hombre'),
(371, 'New Look Contrast Bomber', '/assets/images/products/New-Look-Contrast-Bomber.jpg', 32, 'New', NULL, NULL, 'Chaqueta Hombre'),
(372, 'Pepe Jeans GENE', '/assets/images/products/Pepe-Jeans-GENE.jpg', 32, 'Pepe', NULL, NULL, 'Camisa Hombre'),
(373, 'camel active 3805', '/assets/images/products/camel-active-3805.jpg', 32, 'camel', NULL, NULL, 'Pantalones Hombre'),
(374, 'camel active 3883', '/assets/images/products/camel-active-3883.jpg', 32, 'camel', NULL, NULL, 'azul Hombre'),
(375, 'Wrangler Nc', '/assets/images/products/Wrangler-Nc.jpg', 32, 'Wrangler', NULL, NULL, 'Camiseta Hombre, blanco (White), Small ( Small)'),
(376, 'Kaporal MELVI', '/assets/images/products/Kaporal-MELVI.jpg', 32, 'Kaporal', NULL, NULL, 'Pantalones Hombre'),
(377, 'Garmin Vívofit 3', '/assets/images/products/Garmin-Vivofit-3.jpg', 33, 'Garmin', NULL, NULL, 'Pulsera de actividad, unisex, color negro, talla regular'),
(378, 'Polar M400', '/assets/images/products/Polar-M400.jpg', 33, 'Polar', NULL, NULL, 'Reloj de entrenamiento con GPS integrado y registro de actividad, color negro'),
(379, 'Garmin Vívoactive HR', '/assets/images/products/Garmin-Vivoactive-HR.jpg', 33, 'Garmin', NULL, NULL, 'Reloj con pulsómetro integrado, unisex, color negro, talla XL'),
(380, 'Polar 91057463', '/assets/images/products/Polar-91057463.jpg', 33, 'Polar', NULL, NULL, 'Correa para pulsómetro A360, unisex, color negro, talla S'),
(381, 'Polar Soft Strap', '/assets/images/products/Polar-Soft-Strap.jpg', 33, 'Polar', NULL, NULL, 'Elásticos para transmisores, color rojo'),
(382, 'Brooks Cascadia 11', '/assets/images/products/Brooks-Cascadia-11.jpg', 33, 'Brooks', NULL, NULL, 'Zapatillas de Entrenamiento Hombre'),
(383, 'Saucony Hurricane Iso 2', '/assets/images/products/Saucony-Hurricane-Iso-2.jpg', 33, 'Saucony', NULL, NULL, 'Zapatillas de Running para Asfalto Hombre'),
(384, 'Nike Cortez Nylon (GS)', '/assets/images/products/Nike-Cortez-Nylon-(GS).jpg', 33, 'Nike', NULL, NULL, 'Zapatillas de running Niños'),
(385, 'Joma 100308', '/assets/images/products/Joma-100308.jpg', 33, 'Joma', NULL, NULL, 'Camiseta para hombre'),
(386, 'Garmin Vívofit 3', '/assets/images/products/Garmin-Vivofit-3.jpg', 33, 'Garmin', NULL, NULL, 'Pulsera de actividad, unisex, color blanco, talla regular'),
(387, 'Gedo GFTM004', '/assets/images/products/Gedo-GFTM004.jpg', 33, 'Gedo', NULL, NULL, 'Malla unisex'),
(388, 'Saucony Kinvara 7', '/assets/images/products/Saucony-Kinvara-7.jpg', 33, 'Saucony', NULL, NULL, 'Zapatillas de Running para Asfalto Mujer'),
(389, 'Izas Adaia', '/assets/images/products/Izas-Adaia.jpg', 33, 'Izas', NULL, NULL, 'Camiseta para mujer'),
(390, 'Joma 100306.700L', '/assets/images/products/Joma-100306.700L.jpg', 33, 'Joma', NULL, NULL, 'Camiseta para hombre, color azul royal, talla L'),
(391, 'Joma 100132', '/assets/images/products/Joma-100132.jpg', 33, 'Joma', NULL, NULL, 'Camiseta para hombre'),
(392, 'Diadora Gioventu', '/assets/images/products/Diadora-Gioventu.jpg', 33, 'Diadora', NULL, NULL, 'Entrenamiento y correr Hombre'),
(393, 'Nike Air Max 90 Essential', '/assets/images/products/Nike-Air-Max-90-Essential.jpg', 33, 'Nike', NULL, NULL, 'Zapatillas de running, Hombre'),
(394, 'Joma 100134', '/assets/images/products/Joma-100134.jpg', 33, 'Joma', NULL, NULL, 'Short para hombre, color azul royal, talla XL'),
(395, 'Nike Dart 12', '/assets/images/products/Nike-Dart-12.jpg', 33, 'Nike', NULL, NULL, 'Zapatillas de running Hombre'),
(396, 'Brooks Purecadence 5', '/assets/images/products/Brooks-Purecadence-5.jpg', 33, 'Brooks', NULL, NULL, '110225 1D 074 - Zapatillas de running Hombre'),
(397, 'MusicSkins dnamic', '/assets/images/products/MusicSkins-dnamic.jpg', 33, 'MusicSkins', NULL, NULL, 'Pantalones cortos Varios colores Black/Citron Talla:M'),
(398, 'Under Armour', '/assets/images/products/Under-Armour.jpg', 33, 'Under', NULL, NULL, 'pantalón corto de running para hombre pantalones cortos Streaker Azul Blackout Navy Talla:medium'),
(399, 'Diadora N-4100-2 Bright', '/assets/images/products/Diadora-N-4100-2-Bright.jpg', 33, 'Diadora', NULL, NULL, 'Carrera de competición Hombre'),
(400, 'Joma Running', '/assets/images/products/Joma-Running.jpg', 33, 'Joma', NULL, NULL, 'Camiseta de manga corta para mujer'),
(401, 'Puma Descendant V3', '/assets/images/products/Puma-Descendant-V3.jpg', 33, 'Puma', NULL, NULL, 'Zapatillas de running Mujer'),
(402, 'Reebok Pheehan Run', '/assets/images/products/Reebok-Pheehan-Run.jpg', 33, 'Reebok', NULL, NULL, 'Zapatillas de running Hombre'),
(403, 'Izas Frisia', '/assets/images/products/Izas-Frisia.jpg', 33, 'Izas', NULL, NULL, 'Pantalones cortos de running para mujer, color negro / fucsia'),
(404, 'Brooks Cascadia 11', '/assets/images/products/Brooks-Cascadia-11.jpg', 33, 'Brooks', NULL, NULL, '120204 1B 451 - Zapatillas de running Mujer'),
(405, 'Nike Roshe One (GS)', '/assets/images/products/Nike-Roshe-One-(GS).jpg', 33, 'Nike', NULL, NULL, 'Zapatillas de running Niñas'),
(406, 'CompresSport R2 V2', '/assets/images/products/CompresSport-R2-V2.jpg', 33, 'CompresSport', NULL, NULL, 'Medias de running unisex'),
(407, 'Izas Creus', '/assets/images/products/Izas-Creus.jpg', 33, 'Izas', NULL, NULL, 'Camiseta de running para hombre, color gris oscuro, talla XL'),
(408, 'Mio FUSE', '/assets/images/products/Mio-FUSE.jpg', 33, 'Mio', NULL, NULL, 'rastreadores de actividad (Calories burned, Distance traveled, Pasos andados, Muñequera, LED, Inalámbrico...'),
(409, 'Joma R.HISPAS', '/assets/images/products/Joma-R.HISPAS.jpg', 33, 'Joma', NULL, NULL, 'Zapatillas unisex'),
(410, 'Nike Kaishi 2.0', '/assets/images/products/Nike-Kaishi-2.0.jpg', 33, 'Nike', NULL, NULL, 'Entrenamiento y correr Hombre'),
(411, 'New Balance NBML1550AJ', '/assets/images/products/New-Balance-NBML1550AJ.jpg', 33, 'New', NULL, NULL, 'Zapatillas de deporte Hombre'),
(412, 'Merrell BARE ACCESS ARC 4', '/assets/images/products/Merrell-BARE-ACCESS-ARC-4.jpg', 33, 'Merrell', NULL, NULL, 'Zapatillas de Entrenamiento Mujer'),
(413, 'Joma 100139.319', '/assets/images/products/Joma-100139.319.jpg', 33, 'Joma', NULL, NULL, 'Pantalón pirata para hombre'),
(414, 'adidas Courtset', '/assets/images/products/adidas-Courtset.jpg', 33, 'adidas', NULL, NULL, 'Zapatillas de running Hombre'),
(415, 'Izas Brulle', '/assets/images/products/Izas-Brulle.jpg', 33, 'Izas', NULL, NULL, 'Mallas de running unisex, color negro / rojo, talla L'),
(416, 'Joma 100140.319S', '/assets/images/products/Joma-100140.319S.jpg', 33, 'Joma', NULL, NULL, 'Pantalón largo para hombre, color azul marino, talla S'),
(417, 'Wilson Blade 98', '/assets/images/products/Wilson-Blade-98.jpg', 36, 'Wilson', NULL, NULL, 'Raqueta , color negro / lima, talla 2'),
(418, 'Wilson Juice 108', '/assets/images/products/Wilson-Juice-108.jpg', 36, 'Wilson', NULL, NULL, 'Raqueta , color azul / blanco / amarillo, talla 2'),
(419, 'Wilson Original 130', '/assets/images/products/Wilson-Original-130.jpg', 36, 'Wilson', NULL, NULL, 'Cordaje para raquetas , color amarillo, talla 130'),
(420, 'Wilson Pro Staff', '/assets/images/products/Wilson-Pro-Staff.jpg', 36, 'Wilson', NULL, NULL, 'Raqueta , color rojo / negro, talla 3'),
(421, 'Wilson Juice 100Ul', '/assets/images/products/Wilson-Juice-100Ul.jpg', 36, 'Wilson', NULL, NULL, 'Raqueta , color azul / blanco / amarillo, talla 2'),
(422, 'Wilson Pro Staff', '/assets/images/products/Wilson-Pro-Staff.jpg', 36, 'Wilson', NULL, NULL, 'Raqueta , color rojo / negro, talla 3'),
(423, 'Wilson Alu Power', '/assets/images/products/Wilson-Alu-Power.jpg', 36, 'Wilson', NULL, NULL, 'Cordaje para raquetas , color plata, talla 125'),
(424, 'Wilson Burn 100', '/assets/images/products/Wilson-Burn-100.jpg', 36, 'Wilson', NULL, NULL, 'Raqueta , color naranja, talla 2'),
(425, 'Wilson Blade 101L', '/assets/images/products/Wilson-Blade-101L.jpg', 36, 'Wilson', NULL, NULL, 'Raqueta , color negro / lima, talla 2'),
(426, 'Wilson Blade 98S', '/assets/images/products/Wilson-Blade-98S.jpg', 36, 'Wilson', NULL, NULL, 'Raqueta , color negro / lima, talla 2'),
(427, 'Wilson Five Lite', '/assets/images/products/Wilson-Five-Lite.jpg', 36, 'Wilson', NULL, NULL, 'Raqueta , color blanco / gris / azul, talla 2'),
(428, 'Wilson Blade 104', '/assets/images/products/Wilson-Blade-104.jpg', 36, 'Wilson', NULL, NULL, 'Raqueta , color negro / lima, talla 3'),
(429, 'Wilson Drone Lite', '/assets/images/products/Wilson-Drone-Lite.jpg', 36, 'Wilson', NULL, NULL, 'Raqueta , color negro / azul, talla NS'),
(430, 'Wilson Revolve 16', '/assets/images/products/Wilson-Revolve-16.jpg', 36, 'Wilson', NULL, NULL, 'Cordaje para raquetas , color blanco, talla 16G'),
(431, 'Wilson Five Tns', '/assets/images/products/Wilson-Five-Tns.jpg', 36, 'Wilson', NULL, NULL, 'Raqueta , color blanco / rojo / negro, talla 3'),
(432, 'Swingbyte 2 SB2000', '/assets/images/products/Swingbyte-2-SB2000.jpg', 36, 'Swingbyte', NULL, NULL, 'Analizador de swing'),
(433, 'Wilson Pro Staff', '/assets/images/products/Wilson-Pro-Staff.jpg', 36, 'Wilson', NULL, NULL, 'Raqueta , color rojo / negro, talla 2'),
(434, 'Wilson Tour Molded', '/assets/images/products/Wilson-Tour-Molded.jpg', 36, 'Wilson', NULL, NULL, 'Raquetero , color negro, talla NS'),
(435, 'Head Graphene XT Speed S', '/assets/images/products/Head-Graphene-XT-Speed-S.jpg', 36, 'Head', NULL, NULL, 'Raqueta de tenis, color negro / verde / blanco, talla U20'),
(436, 'Wilson Hyper Hammer', '/assets/images/products/Wilson-Hyper-Hammer.jpg', 36, 'Wilson', NULL, NULL, 'Raqueta , color gris / azul, talla 2'),
(437, 'Wilson Juice 100', '/assets/images/products/Wilson-Juice-100.jpg', 36, 'Wilson', NULL, NULL, 'Raqueta , color azul / blanco / amarillo, talla 2'),
(438, 'Wilson Pro Staff', '/assets/images/products/Wilson-Pro-Staff.jpg', 36, 'Wilson', NULL, NULL, 'Raqueta , color rojo / negro, talla 2'),
(439, 'Wilson Tour Molded', '/assets/images/products/Wilson-Tour-Molded.jpg', 36, 'Wilson', NULL, NULL, 'Raquetero , color azul, talla NS'),
(440, 'Babolat Pure Aero', '/assets/images/products/Babolat-Pure-Aero.jpg', 36, 'Babolat', NULL, NULL, 'Tour raqueta (unstrung) - L4 (4 1/2)'),
(441, 'Dunlop 676278', '/assets/images/products/Dunlop-676278.jpg', 36, 'Dunlop', NULL, NULL, 'Raqueta de tenis, G4'),
(442, 'Dunlop 676288', '/assets/images/products/Dunlop-676288.jpg', 36, 'Dunlop', NULL, NULL, 'Raqueta de tenis junior, G2'),
(443, 'Dunlop 676537', '/assets/images/products/Dunlop-676537.jpg', 36, 'Dunlop', NULL, NULL, 'Raqueta de tenis, G3'),
(444, 'Dunlop Biomimetic', '/assets/images/products/Dunlop-Biomimetic.jpg', 36, 'Dunlop', NULL, NULL, 'Raqueta de tenis, G1'),
(445, 'Dunlop Biomimetic', '/assets/images/products/Dunlop-Biomimetic.jpg', 36, 'Dunlop', NULL, NULL, 'Raqueta de tenis, G1'),
(446, 'Dunlop Biomimetic', '/assets/images/products/Dunlop-Biomimetic.jpg', 36, 'Dunlop', NULL, NULL, 'Raqueta de tenis, G3'),
(447, 'Dunlop Biomimetic 200', '/assets/images/products/Dunlop-Biomimetic-200.jpg', 36, 'Dunlop', NULL, NULL, 'Raqueta de tenis, G2'),
(448, 'Dunlop Force 100 Lite', '/assets/images/products/Dunlop-Force-100-Lite.jpg', 36, 'Dunlop', NULL, NULL, 'Raqueta encordada'),
(449, 'Dunlop Force 100 Lite', '/assets/images/products/Dunlop-Force-100-Lite.jpg', 36, 'Dunlop', NULL, NULL, 'Raqueta encordada'),
(450, 'Dunlop Force 100 Lite', '/assets/images/products/Dunlop-Force-100-Lite.jpg', 36, 'Dunlop', NULL, NULL, 'Raqueta encordada'),
(451, 'Wilson Pro Staff Junior', '/assets/images/products/Wilson-Pro-Staff-Junior.jpg', 38, 'Wilson', NULL, NULL, 'Kit de golf, talla FW/7,W/P/HC/BAG'),
(452, 'Bachmann 672.180', '/assets/images/products/Bachmann-672.180.jpg', 38, 'Bachmann', NULL, NULL, 'Cable alargador en espiral (500, 2000 mm), color negro'),
(453, 'Ben Sayers Kids M1i', '/assets/images/products/Ben-Sayers-Kids-M1i.jpg', 38, 'Ben', NULL, NULL, 'Set de golf con trípode para niños de 9-11 años (mano derecha, grafito), color negro y naranja'),
(454, 'Masters MC-J520', '/assets/images/products/Masters-MC-J520.jpg', 38, 'Masters', NULL, NULL, 'Juego de accesorios infantiles de golf (grafito, de 6 a 8 años, para diestros), color negro y azul'),
(455, 'WILSON Golfset Profile VF', '/assets/images/products/WILSON-Golfset-Profile-VF.jpg', 38, 'WILSON', NULL, NULL, 'Juego completo de palos de golf ( para zurdos, juego completo, híbrido, acero, flex regular, paquete ) , color acero, talla Talla única'),
(456, 'Wilson Profile VF', '/assets/images/products/Wilson-Profile-VF.jpg', 38, 'Wilson', NULL, NULL, 'Bolsa con equipamiento de golf para hombre (palos de grafito, para diestros)'),
(457, 'Wilson Pro Staff HDX', '/assets/images/products/Wilson-Pro-Staff-HDX.jpg', 38, 'Wilson', NULL, NULL, 'Palos de golf, color negro, talla Pro Staff 3,5,5,6-S,P,B,LD, set 14 piezas'),
(458, 'Bullet', '/assets/images/products/Bullet.jpg', 38, 'Bullet', NULL, NULL, 'Driver de golf para mujer'),
(459, 'Golf36', '/assets/images/products/Golf36.jpg', 38, 'Golf36', NULL, NULL, 'Accesorio de golf infantil, color rosa'),
(460, 'Macgregor', '/assets/images/products/Macgregor.jpg', 38, 'Macgregor', NULL, NULL, 'Set de palos de golf infantil (de 6 a 8 años, para mano derecha)'),
(461, 'Wilson Profile VF', '/assets/images/products/Wilson-Profile-VF.jpg', 38, 'Wilson', NULL, NULL, 'Bolsa con equipamiento de golf para mujer (para diestros)'),
(462, 'Wilson Golf Reflex HL', '/assets/images/products/Wilson-Golf-Reflex-HL.jpg', 38, 'Wilson', NULL, NULL, 'Juego completo de palos de golf, color azul'),
(463, 'Ben Sayers Package Set', '/assets/images/products/Ben-Sayers-Package-Set.jpg', 38, 'Ben', NULL, NULL, 'Juego completo de palos de golf, color Azul (Graphite Blue/Black)'),
(464, 'Ben Sayers Package Set', '/assets/images/products/Ben-Sayers-Package-Set.jpg', 38, 'Ben', NULL, NULL, 'Juego completo de palos de golf, color azul / negro'),
(465, 'Golf36', '/assets/images/products/Golf36.jpg', 38, 'Golf36', NULL, NULL, 'Bolsa con equipamiento de golf para niños, color azul'),
(466, 'Mizuno JPX EZ 5/SW', '/assets/images/products/Mizuno-JPX-EZ-5-SW.jpg', 38, 'Mizuno', NULL, NULL, 'Set de hierros, color negro'),
(467, 'Cleveland C0035548', '/assets/images/products/Cleveland-C0035548.jpg', 38, 'Cleveland', NULL, NULL, 'Juego de golf junior, 10-12 años'),
(468, 'Wilson Pro Staff HDX', '/assets/images/products/Wilson-Pro-Staff-HDX.jpg', 38, 'Wilson', NULL, NULL, 'Palos de golf, color negro, talla Pro Staff 1,3,4,5-S,P,B,GR, set 15 piezas'),
(469, 'Wilson Pro Staff Junior', '/assets/images/products/Wilson-Pro-Staff-Junior.jpg', 38, 'Wilson', NULL, NULL, 'Kit de golf, talla D/H/5,7,W/P/HC/BAG'),
(470, 'Wilson W/S FG Tour Junior', '/assets/images/products/Wilson-W-S-FG-Tour-Junior.jpg', 38, 'Wilson', NULL, NULL, 'Set de palos de golf para niños, 34'),
(471, 'AMG Package', '/assets/images/products/AMG-Package.jpg', 38, 'AMG', NULL, NULL, 'Bolsa de deporte para golf, color 0, talla n/a'),
(472, 'Bay Hill TP-100', '/assets/images/products/Bay-Hill-TP-100.jpg', 38, 'Bay', NULL, NULL, 'Set de golf completo para hombre zurdo'),
(473, 'Ben Sayers', '/assets/images/products/Ben-Sayers.jpg', 38, 'Ben', NULL, NULL, 'Bolsa de golf con trípode (lote completo de palos, M15 2 centímetros más largos, maderas con acabado de grafito y hierros con mango de acero, incluye paraguas y un lote de soportes para pelota de golf)'),
(474, 'Ben Sayers BENNY Mens', '/assets/images/products/Ben-Sayers-BENNY-Mens.jpg', 38, 'Ben', NULL, NULL, 'Hierro regular, para diestros de golf (acero)'),
(475, 'Snow Zone Snowboard', '/assets/images/products/Snow-Zone-Snowboard.jpg', 40, 'Snow', NULL, NULL, 'Tabla de snowboard, tamaño 130 cm, color rojo'),
(476, 'AIRTRACKS SNOWBOARD SET', '/assets/images/products/AIRTRACKS-SNOWBOARD-SET.jpg', 40, 'AIRTRACKS', NULL, NULL, 'TABLA NEPTUNE WIDE (HOMBRE) 158 - FIJACIONES SAVAGE - BOTAS STRONG 44 - SB BOLSA/ NUEVO'),
(477, 'Burton Invader', '/assets/images/products/Burton-Invader.jpg', 40, 'Burton', NULL, NULL, 'Botas de snowboarding para hombre, color negro / azul, talla 43 EU (10 UK)'),
(478, 'Rayzon', '/assets/images/products/Rayzon.jpg', 40, 'Rayzon', NULL, NULL, 'Gafas de esquí o snowboard (protección UV400, montura con diseño de camuflaje, doble lente antiempañamiento...'),
(479, 'Burton Moto', '/assets/images/products/Burton-Moto.jpg', 40, 'Burton', NULL, NULL, 'Botas de snowboarding, color gris / verde, talla 011'),
(480, 'Burton 10800100', '/assets/images/products/Burton-10800100.jpg', 40, 'Burton', NULL, NULL, 'Soporte de pared para tablas de snowboard (3 piezas)'),
(481, 'AIRTRACKS SNOWBOARD SET', '/assets/images/products/AIRTRACKS-SNOWBOARD-SET.jpg', 40, 'AIRTRACKS', NULL, NULL, 'TABLA RED LIPS WIDE (HOMBRE) 159 - FIJACIONES SAVAGE - BOTAS STRONG 43 - SB BOLSA/ NUEVO'),
(482, '7X', '/assets/images/products/7X.jpg', 40, '7X', NULL, NULL, 'Juego de 2 pasamontañas tipo máscara (protección de neopreno, talla única regulable, apto para uso en exteriores...'),
(483, 'Burton Process Smalls', '/assets/images/products/Burton-Process-Smalls.jpg', 40, 'Burton', NULL, NULL, 'Tabla de freestyle para snowboarding, talla 138'),
(484, 'B.snowboards Mb Park', '/assets/images/products/B.snowboards-Mb-Park.jpg', 40, 'B.snowboards', NULL, NULL, 'Guantes de esquí para hombre, color Multicolor, talla M'),
(485, 'AIRTRACKS SNOWBOARD SET', '/assets/images/products/AIRTRACKS-SNOWBOARD-SET.jpg', 40, 'AIRTRACKS', NULL, NULL, 'TABLA ZEBRA MUJER 150CM - FIJACIONES SAVAGE W M - SB BAG/NUEVO'),
(486, 'Coole-Fun-T-Shirts', '/assets/images/products/Coole-Fun-T-Shirts.jpg', 40, 'Coole-Fun-T-Shirts', NULL, NULL, 'Camiseta para hombre'),
(487, 'Trespass Fuze', '/assets/images/products/Trespass-Fuze.jpg', 40, 'Trespass', NULL, NULL, 'Funda para tabla de snowboard ,talla única, color negro'),
(488, 'AIRTRACKS SNOWBOARD SET', '/assets/images/products/AIRTRACKS-SNOWBOARD-SET.jpg', 40, 'AIRTRACKS', NULL, NULL, 'TABLA HIGHER WIDE (HOMBRE) 150 - FIJACIONES SAVAGE - BOTAS STRONG 41 - SB BOLSA/ NUEVO'),
(489, 'DC Shoes Spectrum 15', '/assets/images/products/DC-Shoes-Spectrum-15.jpg', 40, 'DC', NULL, NULL, 'Chaqueta de nieve para hombre, color gris, talla M'),
(490, 'Quiksilver Gravity', '/assets/images/products/Quiksilver-Gravity.jpg', 40, 'Quiksilver', NULL, NULL, 'Casco de snowboard para hombre'),
(491, 'Burton Space', '/assets/images/products/Burton-Space.jpg', 40, 'Burton', NULL, NULL, 'Funda para tabla de snowboard negro negro Talla:146 cm'),
(492, 'DC Shoes Seger M', '/assets/images/products/DC-Shoes-Seger-M.jpg', 40, 'DC', NULL, NULL, 'Guantes para hombre, color amarillo, talla L'),
(493, 'Nitro Snowboards 169', '/assets/images/products/Nitro-Snowboards-169.jpg', 40, 'Nitro', NULL, NULL, 'Funda para tabla de snowboard, color mancha (blur) - Talla única'),
(494, 'Burton Boots moto black', '/assets/images/products/Burton-Boots-moto-black.jpg', 40, 'Burton', NULL, NULL, 'Botas de snowboarding, color negro, talla 42 (9)');

--
-- Volcado de datos para la tabla `pujas`
--

INSERT INTO `pujas` (`id`, `usuario`, `subastador`, `producto`, `ultimaPuja`) VALUES
(1, 1, 1, 9, 23),
(2, 1, 1, 9, 23),
(3, 1, 1, 45, 44),
(4, 1, 1, 34, 26),
(5, 1, 1, 17, 67),
(6, 1, 1, 42, 78);

--
-- Volcado de datos para la tabla `subasta`
--

INSERT INTO `subasta` (`id`, `subastador`, `producto`, `pujaMin`, `caducidad`, `total`) VALUES
(1, 1, 1, 12.8, NULL, NULL),
(2, 1, 2, 30.7, NULL, NULL),
(3, 1, 3, 41.6, NULL, NULL),
(4, 1, 4, 25.3, NULL, NULL),
(5, 1, 5, 41.2, NULL, NULL),
(6, 1, 6, 33.5, NULL, NULL),
(7, 1, 7, 36.9, NULL, NULL),
(8, 1, 8, 41.1, NULL, NULL),
(9, 1, 9, 62.5, NULL, NULL),
(10, 1, 10, 17.2, NULL, NULL),
(11, 1, 11, 29.1, NULL, NULL),
(12, 1, 12, 62.3, NULL, NULL),
(13, 1, 13, 59.4, NULL, NULL),
(14, 1, 14, 27.6, NULL, NULL),
(15, 1, 15, 34, NULL, NULL),
(16, 1, 16, 40.9, NULL, NULL),
(17, 1, 17, 49.7, NULL, NULL),
(18, 1, 18, 55.2, NULL, NULL),
(19, 1, 19, 43.5, NULL, NULL),
(20, 1, 20, 23.3, NULL, NULL),
(21, 1, 21, 33.7, NULL, NULL),
(22, 1, 22, 55.3, NULL, NULL),
(23, 1, 23, 19.8, NULL, NULL),
(24, 1, 24, 34, NULL, NULL),
(25, 1, 25, 22.5, NULL, NULL),
(26, 1, 26, 19.2, NULL, NULL),
(27, 1, 27, 59.4, NULL, NULL),
(28, 1, 28, 48.5, NULL, NULL),
(29, 1, 29, 53, NULL, NULL),
(30, 1, 30, 58.7, NULL, NULL),
(31, 1, 31, 27.9, NULL, NULL),
(32, 1, 32, 47.5, NULL, NULL),
(33, 1, 33, 49.2, NULL, NULL),
(34, 1, 34, 56.4, NULL, NULL),
(35, 1, 35, 52.2, NULL, NULL),
(36, 1, 36, 21, NULL, NULL),
(37, 1, 37, 22.6, NULL, NULL),
(38, 1, 38, 58.4, NULL, NULL),
(39, 1, 39, 50.4, NULL, NULL),
(40, 1, 40, 17.3, NULL, NULL),
(41, 1, 41, 54.9, NULL, NULL),
(42, 1, 42, 27.9, NULL, NULL),
(43, 1, 43, 46.9, NULL, NULL),
(44, 1, 44, 57.8, NULL, NULL),
(45, 1, 45, 31.5, NULL, NULL),
(46, 1, 46, 30.8, NULL, NULL),
(47, 1, 47, 21, NULL, NULL),
(48, 1, 48, 41.4, NULL, NULL),
(49, 1, 49, 35.3, NULL, NULL),
(50, 1, 50, 40.1, NULL, NULL),
(51, 1, 51, 64.8, NULL, NULL),
(52, 1, 52, 42.2, NULL, NULL),
(53, 1, 53, 40.9, NULL, NULL),
(54, 1, 54, 38.2, NULL, NULL),
(55, 1, 55, 34, NULL, NULL),
(56, 1, 56, 50.1, NULL, NULL),
(57, 1, 57, 31.7, NULL, NULL),
(68, 1, 68, 45.7, NULL, NULL),
(69, 1, 69, 45.6, NULL, NULL),
(70, 1, 70, 57.8, NULL, NULL),
(71, 1, 71, 50.7, NULL, NULL),
(72, 1, 72, 35, NULL, NULL),
(73, 1, 73, 58.3, NULL, NULL),
(74, 1, 74, 14.1, NULL, NULL),
(75, 1, 75, 50.7, NULL, NULL);

--


/*!40101 SET CHARACTER_SET_CLIENT=@OLD_CHARACTER_SET_CLIENT */;
/*!40101 SET CHARACTER_SET_RESULTS=@OLD_CHARACTER_SET_RESULTS */;
/*!40101 SET COLLATION_CONNECTION=@OLD_COLLATION_CONNECTION */;
